字詞號,字詞名,檔案名稱
0001,八,0001.wav
0002,扒,0002.wav
0003,叭,0003.wav
0004,巴,0004.wav
0005,吧,0005.wav
0007,疤,0007.wav
0008,粑,0008.wav
0009,笆,0009.wav
0010,峇,0010.wav
0011,捌,0011.wav
0012,拔,0012.wav
0013,跋,0013.wav
0014,鈸,0014.wav
0015,把,0015.wav
0016,靶,0016.wav
0017,把,0017.wav
0018,爸,0018.wav
0019,伯,0019.wav
0020,罷,0020.wav
0021,霸,0021.wav
0022,壩,0022.wav
0023,吧,0023.wav
0024,罷,0024.wav
0025,波,0025.wav
0026,玻,0026.wav
0027,菠,0027.wav
0028,砵,0028.wav
0029,缽,0029.wav
0030,般,0030.wav
0031,剝,0031.wav
0032,餑,0032.wav
0033,撥,0033.wav
0034,百,0034.wav
0035,伯,0035.wav
0036,泊,0036.wav
0037,帛,0037.wav
0038,柏,0038.wav
0039,舶,0039.wav
0040,鉑,0040.wav
0041,箔,0041.wav
0042,勃,0042.wav
0043,悖,0043.wav
0044,脖,0044.wav
0045,渤,0045.wav
0046,博,0046.wav
0047,搏,0047.wav
0048,膊,0048.wav
0049,薄,0049.wav
0050,礴,0050.wav
0051,駁,0051.wav
0052,蔔,0052.wav
0053,跛,0053.wav
0054,簸,0054.wav
0055,播,0055.wav
0056,薄,0056.wav
0057,擘,0057.wav
0058,簸,0058.wav
0059,掰,0059.wav
0060,白,0060.wav
0061,百,0061.wav
0062,佰,0062.wav
0063,擺,0063.wav
0064,襬,0064.wav
0065,拜,0065.wav
0067,敗,0067.wav
0068,稗,0068.wav
0069,杯,0069.wav
0070,盃,0070.wav
0071,卑,0071.wav
0072,埤,0072.wav
0073,碑,0073.wav
0074,背,0074.wav
0075,揹,0075.wav
0076,悲,0076.wav
0077,北,0077.wav
0078,貝,0078.wav
0079,狽,0079.wav
0080,背,0080.wav
0081,悖,0081.wav
0082,被,0082.wav
0083,倍,0083.wav
0084,焙,0084.wav
0085,蓓,0085.wav
0086,備,0086.wav
0087,憊,0087.wav
0088,輩,0088.wav
0089,包,0089.wav
0090,孢,0090.wav
0090A,炮,0090A.wav
0091,苞,0091.wav
0092,胞,0092.wav
0093,煲,0093.wav
0094,褒,0094.wav
0095,雹,0095.wav
0096,保,0096.wav
0097,堡,0097.wav
0098,葆,0098.wav
0099,褓,0099.wav
0100,飽,0100.wav
0101,鴇,0101.wav
0102,寶,0102.wav
0103,刨,0103.wav
0104,抱,0104.wav
0105,鉋,0105.wav
0106,鮑,0106.wav
0107,趵,0107.wav
0108,豹,0108.wav
0109,報,0109.wav
0110,暴,0110.wav
0111,爆,0111.wav
0112,扳,0112.wav
0113,班,0113.wav
0114,斑,0114.wav
0115,般,0115.wav
0116,搬,0116.wav
0117,頒,0117.wav
0118,阪,0118.wav
0119,板,0119.wav
0120,版,0120.wav
0121,舨,0121.wav
0122,鈑,0122.wav
0123,闆,0123.wav
0124,半,0124.wav
0125,伴,0125.wav
0126,拌,0126.wav
0127,絆,0127.wav
0128,扮,0128.wav
0129,辦,0129.wav
0130,瓣,0130.wav
0131,奔,0131.wav
0132,賁,0132.wav
0133,本,0133.wav
0134,苯,0134.wav
0135,畚,0135.wav
0136,笨,0136.wav
0137,邦,0137.wav
0138,梆,0138.wav
0139,傍,0139.wav
0140,幫,0140.wav
0141,綁,0141.wav
0142,榜,0142.wav
0143,膀,0143.wav
0144,旁,0144.wav
0145,傍,0145.wav
0146,蒡,0146.wav
0146A,膀,0146A.wav
0147,磅,0147.wav
0148,謗,0148.wav
0149,鎊,0149.wav
0150,蚌,0150.wav
0151,棒,0151.wav
0152,崩,0152.wav
0153,繃,0153.wav
0154,甭,0154.wav
0155,繃,0155.wav
0157,迸,0157.wav
0158,榜,0158.wav
0159,繃,0159.wav
0160,蹦,0160.wav
0161,逼,0161.wav
0162,荸,0162.wav
0163,鼻,0163.wav
0164,匕,0164.wav
0165,比,0165.wav
0166,妣,0166.wav
0167,彼,0167.wav
0168,筆,0168.wav
0169,鄙,0169.wav
0170,比,0170.wav
0171,庇,0171.wav
0172,陛,0172.wav
0173,蓖,0173.wav
0174,篦,0174.wav
0175,必,0175.wav
0176,泌,0176.wav
0177,祕,0177.wav
0178,毖,0178.wav
0179,秘,0179.wav
0180,畀,0180.wav
0181,拂,0181.wav
0182,俾,0182.wav
0183,埤,0183.wav
0184,婢,0184.wav
0185,痺,0185.wav
0186,睥,0186.wav
0187,裨,0187.wav
0188,髀,0188.wav
0189,敝,0189.wav
0190,弊,0190.wav
0191,幣,0191.wav
0192,蔽,0192.wav
0193,斃,0193.wav
0194,閉,0194.wav
0195,畢,0195.wav
0196,嗶,0196.wav
0197,蓽,0197.wav
0198,篳,0198.wav
0199,蹕,0199.wav
0200,愎,0200.wav
0201,賁,0201.wav
0203,辟,0203.wav
0204,壁,0204.wav
0205,嬖,0205.wav
0206,薜,0206.wav
0207,避,0207.wav
0208,臂,0208.wav
0210,襞,0210.wav
0211,碧,0211.wav
0212,憋,0212.wav
0213,鱉,0213.wav
0214,別,0214.wav
0215,蹩,0215.wav
0216,癟,0216.wav
0217,彆,0217.wav
0218,杓,0218.wav
0219,髟,0219.wav
0220,彪,0220.wav
0221,飆,0221.wav
0222,標,0222.wav
0223,鏢,0223.wav
0224,鑣,0224.wav
0225,表,0225.wav
0226,婊,0226.wav
0227,裱,0227.wav
0228,錶,0228.wav
0229,摽,0229.wav
0230,鰾,0230.wav
0231,砭,0231.wav
0232,蝙,0232.wav
0233,編,0233.wav
0234,鞭,0234.wav
0235,邊,0235.wav
0236,籩,0236.wav
0237,扁,0237.wav
0238,匾,0238.wav
0239,褊,0239.wav
0240,窆,0240.wav
0241,貶,0241.wav
0242,卞,0242.wav
0243,汴,0243.wav
0244,弁,0244.wav
0245,便,0245.wav
0246,遍,0246.wav
0247,辨,0247.wav
0248,辮,0248.wav
0249,辯,0249.wav
0250,變,0250.wav
0251,彬,0251.wav
0252,斌,0252.wav
0253,賓,0253.wav
0254,儐,0254.wav
0255,濱,0255.wav
0256,檳,0256.wav
0257,繽,0257.wav
0258,瀕,0258.wav
0259,擯,0259.wav
0260,殯,0260.wav
0261,臏,0261.wav
0262,鬢,0262.wav
0263,并,0263.wav
0264,屏,0264.wav
0265,冰,0265.wav
0266,兵,0266.wav
0267,丙,0267.wav
0268,炳,0268.wav
0269,柄,0269.wav
0270,秉,0270.wav
0271,屏,0271.wav
0272,餅,0272.wav
0273,稟,0273.wav
0274,并,0274.wav
0275,併,0275.wav
0276,摒,0276.wav
0277,並,0277.wav
0278,病,0278.wav
0279,逋,0279.wav
0280,餔,0280.wav
0281,卜,0281.wav
0282,捕,0282.wav
0283,哺,0283.wav
0284,補,0284.wav
0285,不,0285.wav
0288,怖,0288.wav
0289,鈽,0289.wav
0290,步,0290.wav
0291,部,0291.wav
0292,埠,0292.wav
0293,簿,0293.wav
0294,趴,0294.wav
0295,啪,0295.wav
0296,葩,0296.wav
0297,扒,0297.wav
0298,杷,0298.wav
0299,爬,0299.wav
0300,耙,0300.wav
0301,琶,0301.wav
0302,怕,0302.wav
0303,帕,0303.wav
0304,坡,0304.wav
0305,潑,0305.wav
0306,婆,0306.wav
0307,鄱,0307.wav
0308,皤,0308.wav
0309,繁,0309.wav
0310,叵,0310.wav
0311,頗,0311.wav
0312,朴,0312.wav
0313,珀,0313.wav
0314,迫,0314.wav
0315,粕,0315.wav
0316,魄,0316.wav
0317,破,0317.wav
0318,醱,0318.wav
0319,拍,0319.wav
0320,俳,0320.wav
0321,排,0321.wav
0322,徘,0322.wav
0323,牌,0323.wav
0324,排,0324.wav
0325,派,0325.wav
0326,湃,0326.wav
0327,坯,0327.wav
0328,呸,0328.wav
0329,胚,0329.wav
0330,醅,0330.wav
0332,培,0332.wav
0333,陪,0333.wav
0334,賠,0334.wav
0335,裴,0335.wav
0336,沛,0336.wav
0337,旆,0337.wav
0338,霈,0338.wav
0339,帔,0339.wav
0340,佩,0340.wav
0341,珮,0341.wav
0343,轡,0343.wav
0344,泡,0344.wav
0345,拋,0345.wav
0346,刨,0346.wav
0347,庖,0347.wav
0348,咆,0348.wav
0349,炮,0349.wav
0350,袍,0350.wav
0351,匏,0351.wav
0352,跑,0352.wav
0353,跑,0353.wav
0354,泡,0354.wav
0355,炮,0355.wav
0357,砲,0357.wav
0358,皰,0358.wav
0359,剖,0359.wav
0360,培,0360.wav
0361,番,0361.wav
0362,潘,0362.wav
0363,攀,0363.wav
0364,胖,0364.wav
0365,般,0365.wav
0366,槃,0366.wav
0367,磐,0367.wav
0368,盤,0368.wav
0369,蟠,0369.wav
0370,判,0370.wav
0371,泮,0371.wav
0372,叛,0372.wav
0373,畔,0373.wav
0374,拚,0374.wav
0375,盼,0375.wav
0376,噴,0376.wav
0377,盆,0377.wav
0378,噴,0378.wav
0379,乓,0379.wav
0380,滂,0380.wav
0381,膀,0381.wav
0382,磅,0382.wav
0383,彷,0383.wav
0384,旁,0384.wav
0385,雱,0385.wav
0386,傍,0386.wav
0387,徬,0387.wav
0388,膀,0388.wav
0389,螃,0389.wav
0390,篣,0390.wav
0391,逄,0391.wav
0392,龐,0392.wav
0393,胖,0393.wav
0394,亨,0394.wav
0395,烹,0395.wav
0396,怦,0396.wav
0397,抨,0397.wav
0398,砰,0398.wav
0399,澎,0399.wav
0400,芃,0400.wav
0401,朋,0401.wav
0402,棚,0402.wav
0403,硼,0403.wav
0404,鵬,0404.wav
0405,逢,0405.wav
0406,蓬,0406.wav
0407,篷,0407.wav
0408,彭,0408.wav
0409,澎,0409.wav
0410,膨,0410.wav
0411,捧,0411.wav
0412,椪,0412.wav
0413,碰,0413.wav
0414,匹,0414.wav
0415,丕,0415.wav
0416,批,0416.wav
0417,砒,0417.wav
0417A,紕,0417A.wav
0418,披,0418.wav
0419,被,0419.wav
0420,劈,0420.wav
0421,霹,0421.wav
0422,比,0422.wav
0423,枇,0423.wav
0424,毗,0424.wav
0425,蚍,0425.wav
0427,琵,0427.wav
0428,皮,0428.wav
0429,疲,0429.wav
0430,埤,0430.wav
0431,啤,0431.wav
0432,脾,0432.wav
0433,裨,0433.wav
0434,鼙,0434.wav
0435,罷,0435.wav
0436,羆,0436.wav
0437,匹,0437.wav
0438,疋,0438.wav
0439,圮,0439.wav
0440,仳,0440.wav
0441,否,0441.wav
0442,痞,0442.wav
0443,嚭,0443.wav
0444,癖,0444.wav
0445,屁,0445.wav
0446,媲,0446.wav
0447,副,0447.wav
0448,辟,0448.wav
0449,僻,0449.wav
0450,譬,0450.wav
0451,闢,0451.wav
0452,撇,0452.wav
0453,瞥,0453.wav
0454,撇,0454.wav
0455,漂,0455.wav
0456,嫖,0456.wav
0457,飄,0457.wav
0457A,朴,0457A.wav
0459,瓢,0459.wav
0460,漂,0460.wav
0461,摽,0461.wav
0462,瞟,0462.wav
0463,縹,0463.wav
0464,票,0464.wav
0465,剽,0465.wav
0466,漂,0466.wav
0467,慓,0467.wav
0468,驃,0468.wav
0469,扁,0469.wav
0470,偏,0470.wav
0471,篇,0471.wav
0472,翩,0472.wav
0474,胼,0474.wav
0475,駢,0475.wav
0476,片,0476.wav
0477,騙,0477.wav
0478,拼,0478.wav
0479,姘,0479.wav
0480,貧,0480.wav
0481,頻,0481.wav
0482,蘋,0482.wav
0483,顰,0483.wav
0484,嬪,0484.wav
0485,品,0485.wav
0486,牝,0486.wav
0487,乒,0487.wav
0488,娉,0488.wav
0489,平,0489.wav
0490,坪,0490.wav
0491,枰,0491.wav
0492,苹,0492.wav
0493,秤,0493.wav
0494,評,0494.wav
0495,萍,0495.wav
0496,屏,0496.wav
0497,瓶,0497.wav
0498,馮,0498.wav
0499,憑,0499.wav
0499A,蘋,0499A.wav
0500,聘,0500.wav
0501,仆,0501.wav
0502,撲,0502.wav
0503,噗,0503.wav
0504,鋪,0504.wav
0505,朴,0505.wav
0506,匍,0506.wav
0507,莆,0507.wav
0508,脯,0508.wav
0509,葡,0509.wav
0510,蒲,0510.wav
0511,菩,0511.wav
0512,僕,0512.wav
0513,璞,0513.wav
0514,樸,0514.wav
0515,蹼,0515.wav
0516,浦,0516.wav
0517,埔,0517.wav
0518,圃,0518.wav
0519,溥,0519.wav
0520,普,0520.wav
0521,氆,0521.wav
0522,譜,0522.wav
0523,暴,0523.wav
0524,瀑,0524.wav
0525,曝,0525.wav
0526,鋪,0526.wav
0527,媽,0527.wav
0528,嬤,0528.wav
0529,麻,0529.wav
0530,痲,0530.wav
0531,麼,0531.wav
0532,嘛,0532.wav
0533,蟆,0533.wav
0534,馬,0534.wav
0535,嗎,0535.wav
0536,瑪,0536.wav
0537,碼,0537.wav
0538,螞,0538.wav
0539,罵,0539.wav
0540,螞,0540.wav
0541,嗎,0541.wav
0542,嘛,0542.wav
0543,摸,0543.wav
0544,無,0544.wav
0545,麼,0545.wav
0546,摩,0546.wav
0548,蘑,0548.wav
0549,魔,0549.wav
0550,模,0550.wav
0551,摹,0551.wav
0552,膜,0552.wav
0553,糢,0553.wav
0554,謨,0554.wav
0555,饃,0555.wav
0556,抹,0556.wav
0557,万,0557.wav
0558,末,0558.wav
0559,沫,0559.wav
0560,抹,0560.wav
0561,妺,0561.wav
0562,茉,0562.wav
0563,秣,0563.wav
0564,沒,0564.wav
0565,歿,0565.wav
0566,冒,0566.wav
0567,陌,0567.wav
0568,貊,0568.wav
0569,脈,0569.wav
0570,莫,0570.wav
0571,漠,0571.wav
0572,寞,0572.wav
0573,瘼,0573.wav
0574,驀,0574.wav
0575,貉,0575.wav
0576,墨,0576.wav
0577,默,0577.wav
0578,磨,0578.wav
0579,麼,0579.wav
0580,埋,0580.wav
0581,霾,0581.wav
0582,買,0582.wav
0583,脈,0583.wav
0584,麥,0584.wav
0585,賣,0585.wav
0586,邁,0586.wav
0587,沒,0587.wav
0588,玫,0588.wav
0589,枚,0589.wav
0590,眉,0590.wav
0591,湄,0591.wav
0592,嵋,0592.wav
0593,楣,0593.wav
0594,梅,0594.wav
0595,莓,0595.wav
0597,霉,0597.wav
0598,媒,0598.wav
0599,煤,0599.wav
0600,黴,0600.wav
0601,每,0601.wav
0602,美,0602.wav
0603,鎂,0603.wav
0604,妹,0604.wav
0605,昧,0605.wav
0606,寐,0606.wav
0607,魅,0607.wav
0608,袂,0608.wav
0609,媚,0609.wav
0610,瑁,0610.wav
0611,貓,0611.wav
0612,毛,0612.wav
0613,旄,0613.wav
0614,髦,0614.wav
0615,矛,0615.wav
0616,茅,0616.wav
0617,蟊,0617.wav
0618,錨,0618.wav
0619,卯,0619.wav
0620,茆,0620.wav
0621,昴,0621.wav
0622,鉚,0622.wav
0623,茂,0623.wav
0624,眊,0624.wav
0625,耄,0625.wav
0626,冒,0626.wav
0627,帽,0627.wav
0628,媢,0628.wav
0629,貿,0629.wav
0630,貌,0630.wav
0631,懋,0631.wav
0632,牟,0632.wav
0633,侔,0633.wav
0634,眸,0634.wav
0635,麰,0635.wav
0636,謀,0636.wav
0637,繆,0637.wav
0638,冇,0638.wav
0639,某,0639.wav
0640,屘,0640.wav
0640A,埋,0640A.wav
0641,蔓,0641.wav
0642,謾,0642.wav
0643,饅,0643.wav
0644,鰻,0644.wav
0645,瞞,0645.wav
0646,蹣,0646.wav
0647,顢,0647.wav
0648,蠻,0648.wav
0650,曼,0650.wav
0651,漫,0651.wav
0652,慢,0652.wav
0653,幔,0653.wav
0654,嫚,0654.wav
0655,蔓,0655.wav
0656,縵,0656.wav
0657,謾,0657.wav
0658,鏝,0658.wav
0659,悶,0659.wav
0660,門,0660.wav
0661,們,0661.wav
0662,捫,0662.wav
0664,燜,0664.wav
0665,懣,0665.wav
0666,忙,0666.wav
0667,芒,0667.wav
0668,盲,0668.wav
0670,茫,0670.wav
0671,莽,0671.wav
0672,蟒,0672.wav
0673,矇,0673.wav
0675,虻,0675.wav
0676,萌,0676.wav
0677,盟,0677.wav
0678,蒙,0678.wav
0679,濛,0679.wav
0680,幪,0680.wav
0681,檬,0681.wav
0682,朦,0682.wav
0683,矇,0683.wav
0684,甍,0684.wav
0685,懵,0685.wav
0686,猛,0686.wav
0687,蜢,0687.wav
0688,艋,0688.wav
0689,錳,0689.wav
0690,孟,0690.wav
0691,夢,0691.wav
0692,咪,0692.wav
0693,瞇,0693.wav
0694,迷,0694.wav
0695,謎,0695.wav
0696,醚,0696.wav
0697,糜,0697.wav
0698,麋,0698.wav
0699,彌,0699.wav
0700,瀰,0700.wav
0701,獼,0701.wav
0702,靡,0702.wav
0703,米,0703.wav
0704,敉,0704.wav
0705,弭,0705.wav
0706,靡,0706.wav
0707,糸,0707.wav
0708,汨,0708.wav
0709,泌,0709.wav
0710,祕,0710.wav
0711,秘,0711.wav
0712,密,0712.wav
0713,蜜,0713.wav
0714,謐,0714.wav
0715,覓,0715.wav
0716,冪,0716.wav
0717,乜,0717.wav
0718,咩,0718.wav
0719,滅,0719.wav
0720,蔑,0720.wav
0721,篾,0721.wav
0722,衊,0722.wav
0723,喵,0723.wav
0725,描,0725.wav
0726,瞄,0726.wav
0727,杪,0727.wav
0728,眇,0728.wav
0729,秒,0729.wav
0730,渺,0730.wav
0731,緲,0731.wav
0732,淼,0732.wav
0733,藐,0733.wav
0734,邈,0734.wav
0735,妙,0735.wav
0736,廟,0736.wav
0737,繆,0737.wav
0738,繆,0738.wav
0739,謬,0739.wav
0740,眠,0740.wav
0741,棉,0741.wav
0742,綿,0742.wav
0743,丏,0743.wav
0744,眄,0744.wav
0745,免,0745.wav
0747,勉,0747.wav
0748,娩,0748.wav
0749,冕,0749.wav
0750,湎,0750.wav
0751,緬,0751.wav
0752,靦,0752.wav
0753,面,0753.wav
0754,麵,0754.wav
0755,瞑,0755.wav
0756,民,0756.wav
0757,岷,0757.wav
0758,緡,0758.wav
0759,旻,0759.wav
0760,皿,0760.wav
0761,泯,0761.wav
0762,抿,0762.wav
0763,愍,0763.wav
0764,敏,0764.wav
0765,閔,0765.wav
0766,憫,0766.wav
0767,黽,0767.wav
0768,澠,0768.wav
0769,閩,0769.wav
0770,名,0770.wav
0771,茗,0771.wav
0772,酩,0772.wav
0773,銘,0773.wav
0774,明,0774.wav
0775,冥,0775.wav
0776,溟,0776.wav
0777,暝,0777.wav
0778,瞑,0778.wav
0779,螟,0779.wav
0780,鳴,0780.wav
0781,命,0781.wav
0783,坶,0783.wav
0784,拇,0784.wav
0785,姆,0785.wav
0786,鉧,0786.wav
0787,牡,0787.wav
0788,姥,0788.wav
0789,畝,0789.wav
0790,木,0790.wav
0791,沐,0791.wav
0792,目,0792.wav
0793,苜,0793.wav
0794,牧,0794.wav
0795,莫,0795.wav
0796,募,0796.wav
0797,墓,0797.wav
0798,幕,0798.wav
0799,慕,0799.wav
0800,暮,0800.wav
0801,睦,0801.wav
0802,穆,0802.wav
0803,繆,0803.wav
0804,伐,0804.wav
0805,發,0805.wav
0806,乏,0806.wav
0807,法,0807.wav
0808,筏,0808.wav
0809,閥,0809.wav
0810,罰,0810.wav
0811,法,0811.wav
0812,砝,0812.wav
0813,髮,0813.wav
0814,琺,0814.wav
0816,妃,0816.wav
0817,非,0817.wav
0818,啡,0818.wav
0819,菲,0819.wav
0820,扉,0820.wav
0821,蜚,0821.wav
0822,緋,0822.wav
0823,霏,0823.wav
0824,飛,0824.wav
0825,肥,0825.wav
0826,淝,0826.wav
0827,腓,0827.wav
0828,匪,0828.wav
0829,悱,0829.wav
0830,斐,0830.wav
0831,菲,0831.wav
0832,榧,0832.wav
0833,蜚,0833.wav
0834,翡,0834.wav
0835,誹,0835.wav
0836,吠,0836.wav
0837,沸,0837.wav
0838,狒,0838.wav
0839,費,0839.wav
0840,芾,0840.wav
0841,肺,0841.wav
0842,痱,0842.wav
0843,廢,0843.wav
0844,不,0844.wav
0845,缶,0845.wav
0846,否,0846.wav
0847,番,0847.wav
0848,幡,0848.wav
0849,蕃,0849.wav
0850,旛,0850.wav
0851,翻,0851.wav
0852,凡,0852.wav
0853,帆,0853.wav
0854,煩,0854.wav
0855,墦,0855.wav
0856,燔,0856.wav
0857,蕃,0857.wav
0858,藩,0858.wav
0859,樊,0859.wav
0860,礬,0860.wav
0861,繁,0861.wav
0862,反,0862.wav
0863,返,0863.wav
0864,氾,0864.wav
0865,犯,0865.wav
0866,范,0866.wav
0867,範,0867.wav
0868,汎,0868.wav
0869,梵,0869.wav
0870,泛,0870.wav
0871,販,0871.wav
0872,飯,0872.wav
0873,分,0873.wav
0874,吩,0874.wav
0875,芬,0875.wav
0876,氛,0876.wav
0877,紛,0877.wav
0878,酚,0878.wav
0879,雰,0879.wav
0880,棻,0880.wav
0881,汾,0881.wav
0882,棼,0882.wav
0883,焚,0883.wav
0884,墳,0884.wav
0886,分,0886.wav
0887,份,0887.wav
0888,忿,0888.wav
0889,憤,0889.wav
0890,奮,0890.wav
0891,糞,0891.wav
0893,坊,0893.wav
0894,枋,0894.wav
0895,芳,0895.wav
0896,坊,0896.wav
0897,妨,0897.wav
0898,防,0898.wav
0899,房,0899.wav
0900,肪,0900.wav
0901,仿,0901.wav
0902,彷,0902.wav
0903,放,0903.wav
0904,昉,0904.wav
0905,倣,0905.wav
0906,舫,0906.wav
0907,紡,0907.wav
0908,訪,0908.wav
0909,髣,0909.wav
0910,放,0910.wav
0911,丰,0911.wav
0912,封,0912.wav
0913,風,0913.wav
0914,楓,0914.wav
0915,瘋,0915.wav
0916,峰,0916.wav
0917,烽,0917.wav
0918,蜂,0918.wav
0919,鋒,0919.wav
0920,豐,0920.wav
0921,酆,0921.wav
0922,逢,0922.wav
0923,縫,0923.wav
0924,馮,0924.wav
0925,奉,0925.wav
0926,俸,0926.wav
0927,風,0927.wav
0928,諷,0928.wav
0929,鳳,0929.wav
0930,縫,0930.wav
0931,夫,0931.wav
0932,伕,0932.wav
0933,趺,0933.wav
0934,麩,0934.wav
0935,孵,0935.wav
0936,敷,0936.wav
0937,膚,0937.wav
0938,夫,0938.wav
0939,扶,0939.wav
0940,芙,0940.wav
0941,巿,0941.wav
0942,芾,0942.wav
0943,弗,0943.wav
0944,佛,0944.wav
0945,拂,0945.wav
0946,彿,0946.wav
0947,氟,0947.wav
0949,伏,0949.wav
0950,茯,0950.wav
0951,袱,0951.wav
0952,孚,0952.wav
0953,俘,0953.wav
0954,浮,0954.wav
0955,郛,0955.wav
0956,蜉,0956.wav
0957,宓,0957.wav
0958,服,0958.wav
0959,苻,0959.wav
0960,符,0960.wav
0961,涪,0961.wav
0962,匐,0962.wav
0963,幅,0963.wav
0964,福,0964.wav
0965,蝠,0965.wav
0966,輻,0966.wav
0967,鳧,0967.wav
0968,縛,0968.wav
0969,黻,0969.wav
0970,父,0970.wav
0971,斧,0971.wav
0972,釜,0972.wav
0973,甫,0973.wav
0975,輔,0975.wav
0976,黼,0976.wav
0977,府,0977.wav
0978,拊,0978.wav
0979,俯,0979.wav
0980,腑,0980.wav
0981,腐,0981.wav
0982,撫,0982.wav
0984,父,0984.wav
0985,付,0985.wav
0986,咐,0986.wav
0987,附,0987.wav
0988,駙,0988.wav
0989,阜,0989.wav
0990,訃,0990.wav
0991,赴,0991.wav
0992,負,0992.wav
0993,副,0993.wav
0994,富,0994.wav
0995,婦,0995.wav
0996,傅,0996.wav
0997,復,0997.wav
0998,腹,0998.wav
0999,複,0999.wav
1000,覆,1000.wav
1001,馥,1001.wav
1002,賦,1002.wav
1003,耷,1003.wav
1004,答,1004.wav
1005,搭,1005.wav
1006,褡,1006.wav
1007,妲,1007.wav
1008,靼,1008.wav
1009,答,1009.wav
1010,瘩,1010.wav
1012,噠,1012.wav
1013,韃,1013.wav
1014,打,1014.wav
1015,大,1015.wav
1016,得,1016.wav
1017,德,1017.wav
1018,地,1018.wav
1019,底,1019.wav
1020,的,1020.wav
1021,得,1021.wav
1022,呆,1022.wav
1023,待,1023.wav
1024,獃,1024.wav
1025,歹,1025.wav
1027,大,1027.wav
1028,代,1028.wav
1029,岱,1029.wav
1030,玳,1030.wav
1031,袋,1031.wav
1032,貸,1032.wav
1033,黛,1033.wav
1034,殆,1034.wav
1035,迨,1035.wav
1036,怠,1036.wav
1037,紿,1037.wav
1038,駘,1038.wav
1039,待,1039.wav
1040,帶,1040.wav
1041,逮,1041.wav
1042,戴,1042.wav
1043,得,1043.wav
1044,刀,1044.wav
1045,叨,1045.wav
1047,島,1047.wav
1048,搗,1048.wav
1049,導,1049.wav
1050,擣,1050.wav
1051,禱,1051.wav
1054,悼,1054.wav
1055,盜,1055.wav
1056,道,1056.wav
1057,稻,1057.wav
1058,蹈,1058.wav
1059,纛,1059.wav
1060,都,1060.wav
1061,兜,1061.wav
1062,斗,1062.wav
1063,抖,1063.wav
1064,蚪,1064.wav
1065,陡,1065.wav
1066,豆,1066.wav
1067,逗,1067.wav
1068,荳,1068.wav
1069,痘,1069.wav
1070,鬥,1070.wav
1071,竇,1071.wav
1072,讀,1072.wav
1073,丹,1073.wav
1074,眈,1074.wav
1075,耽,1075.wav
1076,聃,1076.wav
1078,鄲,1078.wav
1079,殫,1079.wav
1080,簞,1080.wav
1081,儋,1081.wav
1082,擔,1082.wav
1083,疸,1083.wav
1084,撢,1084.wav
1085,撣,1085.wav
1086,膽,1086.wav
1087,石,1087.wav
1088,旦,1088.wav
1089,但,1089.wav
1090,淡,1090.wav
1091,啖,1091.wav
1092,氮,1092.wav
1093,啗,1093.wav
1095,蛋,1095.wav
1096,憚,1096.wav
1097,彈,1097.wav
1098,誕,1098.wav
1099,澹,1099.wav
1100,擔,1100.wav
1102,噹,1102.wav
1103,璫,1103.wav
1104,襠,1104.wav
1105,鐺,1105.wav
1106,党,1106.wav
1107,擋,1107.wav
1108,檔,1108.wav
1109,黨,1109.wav
1110,讜,1110.wav
1111,宕,1111.wav
1113,蕩,1113.wav
1114,盪,1114.wav
1115,登,1115.wav
1116,燈,1116.wav
1117,等,1117.wav
1118,戥,1118.wav
1119,凳,1119.wav
1120,澄,1120.wav
1121,鄧,1121.wav
1122,磴,1122.wav
1123,瞪,1123.wav
1124,蹬,1124.wav
1125,鐙,1125.wav
1127,低,1127.wav
1128,滴,1128.wav
1129,狄,1129.wav
1130,荻,1130.wav
1131,的,1131.wav
1132,迪,1132.wav
1133,笛,1133.wav
1134,滌,1134.wav
1135,嘀,1135.wav
1136,嫡,1136.wav
1137,敵,1137.wav
1138,翟,1138.wav
1139,糴,1139.wav
1140,底,1140.wav
1142,邸,1142.wav
1143,柢,1143.wav
1144,牴,1144.wav
1145,砥,1145.wav
1146,詆,1146.wav
1147,地,1147.wav
1148,弟,1148.wav
1149,娣,1149.wav
1150,第,1150.wav
1151,睇,1151.wav
1152,的,1152.wav
1153,帝,1153.wav
1154,蒂,1154.wav
1155,締,1155.wav
1156,諦,1156.wav
1157,棣,1157.wav
1158,遞,1158.wav
1159,爹,1159.wav
1160,嗲,1160.wav
1161,迭,1161.wav
1162,瓞,1162.wav
1163,跌,1163.wav
1164,堞,1164.wav
1165,喋,1165.wav
1166,牒,1166.wav
1167,碟,1167.wav
1168,蝶,1168.wav
1169,諜,1169.wav
1170,鰈,1170.wav
1171,耋,1171.wav
1172,褶,1172.wav
1173,疊,1173.wav
1174,刁,1174.wav
1175,叼,1175.wav
1176,凋,1176.wav
1177,彫,1177.wav
1178,琱,1178.wav
1179,碉,1179.wav
1180,雕,1180.wav
1181,鵰,1181.wav
1182,鯛,1182.wav
1183,貂,1183.wav
1186,弔,1186.wav
1187,吊,1187.wav
1188,掉,1188.wav
1189,釣,1189.wav
1190,調,1190.wav
1191,蓧,1191.wav
1192,丟,1192.wav
1193,掂,1193.wav
1194,滇,1194.wav
1195,顛,1195.wav
1196,巔,1196.wav
1197,癲,1197.wav
1198,典,1198.wav
1199,碘,1199.wav
1200,點,1200.wav
1201,佃,1201.wav
1202,甸,1202.wav
1203,鈿,1203.wav
1204,店,1204.wav
1205,玷,1205.wav
1206,惦,1206.wav
1207,踮,1207.wav
1208,奠,1208.wav
1209,電,1209.wav
1210,殿,1210.wav
1211,澱,1211.wav
1212,墊,1212.wav
1213,靛,1213.wav
1214,簟,1214.wav
1215,丁,1215.wav
1216,仃,1216.wav
1217,叮,1217.wav
1218,疔,1218.wav
1219,盯,1219.wav
1220,町,1220.wav
1221,釘,1221.wav
1222,耵,1222.wav
1223,酊,1223.wav
1224,頂,1224.wav
1225,鼎,1225.wav
1226,定,1226.wav
1227,碇,1227.wav
1228,錠,1228.wav
1229,訂,1229.wav
1230,釘,1230.wav
1231,都,1231.wav
1232,嘟,1232.wav
1233,督,1233.wav
1234,毒,1234.wav
1235,頓,1235.wav
1236,獨,1236.wav
1237,瀆,1237.wav
1238,櫝,1238.wav
1239,犢,1239.wav
1240,牘,1240.wav
1241,讀,1241.wav
1242,黷,1242.wav
1243,肚,1243.wav
1244,堵,1244.wav
1245,睹,1245.wav
1246,賭,1246.wav
1247,篤,1247.wav
1248,杜,1248.wav
1249,肚,1249.wav
1250,妒,1250.wav
1252,渡,1252.wav
1253,鍍,1253.wav
1254,蠹,1254.wav
1255,多,1255.wav
1256,哆,1256.wav
1257,掇,1257.wav
1258,奪,1258.wav
1259,鐸,1259.wav
1260,朵,1260.wav
1261,垛,1261.wav
1262,躲,1262.wav
1263,咄,1263.wav
1264,剁,1264.wav
1265,垛,1265.wav
1266,跺,1266.wav
1267,度,1267.wav
1268,踱,1268.wav
1269,舵,1269.wav
1270,惰,1270.wav
1271,墮,1271.wav
1272,馱,1272.wav
1273,堆,1273.wav
1274,兌,1274.wav
1275,敦,1275.wav
1276,隊,1276.wav
1277,碓,1277.wav
1278,對,1278.wav
1279,懟,1279.wav
1280,端,1280.wav
1281,短,1281.wav
1282,段,1282.wav
1283,緞,1283.wav
1284,鍛,1284.wav
1285,斷,1285.wav
1286,敦,1286.wav
1287,墩,1287.wav
1288,燉,1288.wav
1289,蹲,1289.wav
1290,盹,1290.wav
1291,躉,1291.wav
1292,沌,1292.wav
1293,囤,1293.wav
1294,飩,1294.wav
1295,鈍,1295.wav
1296,頓,1296.wav
1297,噸,1297.wav
1298,盾,1298.wav
1299,遁,1299.wav
1300,遯,1300.wav
1301,燉,1301.wav
1302,冬,1302.wav
1303,咚,1303.wav
1304,氡,1304.wav
1305,鼕,1305.wav
1306,東,1306.wav
1307,董,1307.wav
1308,懂,1308.wav
1309,侗,1309.wav
1310,洞,1310.wav
1311,恫,1311.wav
1312,垌,1312.wav
1313,胴,1313.wav
1314,凍,1314.wav
1315,棟,1315.wav
1316,動,1316.wav
1317,它,1317.wav
1318,他,1318.wav
1319,她,1319.wav
1320,祂,1320.wav
1321,牠,1321.wav
1322,趿,1322.wav
1323,塌,1323.wav
1324,塔,1324.wav
1325,拓,1325.wav
1326,沓,1326.wav
1327,踏,1327.wav
1328,漯,1328.wav
1329,榻,1329.wav
1330,遢,1330.wav
1331,蹋,1331.wav
1332,遝,1332.wav
1333,撻,1333.wav
1334,躂,1334.wav
1335,闥,1335.wav
1336,獺,1336.wav
1337,忒,1337.wav
1338,忑,1338.wav
1339,特,1339.wav
1340,慝,1340.wav
1341,胎,1341.wav
1342,抬,1342.wav
1343,邰,1343.wav
1345,跆,1345.wav
1346,颱,1346.wav
1347,駘,1347.wav
1348,臺,1348.wav
1349,檯,1349.wav
1350,太,1350.wav
1351,汰,1351.wav
1353,鈦,1353.wav
1354,泰,1354.wav
1355,態,1355.wav
1356,叨,1356.wav
1357,掏,1357.wav
1358,滔,1358.wav
1359,搯,1359.wav
1360,韜,1360.wav
1361,絛,1361.wav
1362,饕,1362.wav
1363,桃,1363.wav
1364,逃,1364.wav
1365,淘,1365.wav
1366,啕,1366.wav
1367,陶,1367.wav
1368,萄,1368.wav
1369,濤,1369.wav
1370,燾,1370.wav
1371,討,1371.wav
1372,套,1372.wav
1373,偷,1373.wav
1374,投,1374.wav
1375,骰,1375.wav
1376,頭,1376.wav
1377,透,1377.wav
1378,坍,1378.wav
1379,貪,1379.wav
1380,灘,1380.wav
1381,攤,1381.wav
1382,癱,1382.wav
1383,覃,1383.wav
1384,潭,1384.wav
1385,罈,1385.wav
1386,譚,1386.wav
1387,醰,1387.wav
1388,痰,1388.wav
1389,談,1389.wav
1390,彈,1390.wav
1391,澹,1391.wav
1392,壇,1392.wav
1393,檀,1393.wav
1394,曇,1394.wav
1395,忐,1395.wav
1396,坦,1396.wav
1397,袒,1397.wav
1398,毯,1398.wav
1399,炭,1399.wav
1400,碳,1400.wav
1401,探,1401.wav
1402,嘆,1402.wav
1403,歎,1403.wav
1404,湯,1404.wav
1405,蹚,1405.wav
1406,鏜,1406.wav
1408,塘,1408.wav
1409,搪,1409.wav
1410,糖,1410.wav
1411,螗,1411.wav
1412,醣,1412.wav
1413,堂,1413.wav
1414,棠,1414.wav
1415,膛,1415.wav
1416,螳,1416.wav
1418,帑,1418.wav
1419,倘,1419.wav
1420,淌,1420.wav
1421,躺,1421.wav
1422,儻,1422.wav
1423,趟,1423.wav
1424,燙,1424.wav
1425,疼,1425.wav
1426,滕,1426.wav
1427,謄,1427.wav
1428,藤,1428.wav
1429,騰,1429.wav
1430,籐,1430.wav
1431,剔,1431.wav
1432,踢,1432.wav
1433,梯,1433.wav
1434,堤,1434.wav
1435,提,1435.wav
1436,隄,1436.wav
1437,緹,1437.wav
1438,醍,1438.wav
1439,題,1439.wav
1440,啼,1440.wav
1441,蹄,1441.wav
1442,鵜,1442.wav
1443,體,1443.wav
1444,弟,1444.wav
1445,剃,1445.wav
1446,涕,1446.wav
1447,悌,1447.wav
1448,倜,1448.wav
1449,惕,1449.wav
1449A,裼,1449A.wav
1450,逖,1450.wav
1451,屜,1451.wav
1452,替,1452.wav
1453,薙,1453.wav
1454,嚏,1454.wav
1455,帖,1455.wav
1456,貼,1456.wav
1457,帖,1457.wav
1458,鐵,1458.wav
1459,餮,1459.wav
1461,祧,1461.wav
1462,佻,1462.wav
1463,苕,1463.wav
1464,迢,1464.wav
1465,髫,1465.wav
1466,條,1466.wav
1467,蜩,1467.wav
1468,調,1468.wav
1470,窕,1470.wav
1471,&97E4._104_0.gif;,1471.wav
1472,眺,1472.wav
1473,跳,1473.wav
1474,糶,1474.wav
1476,添,1476.wav
1477,田,1477.wav
1478,恬,1478.wav
1479,甜,1479.wav
1480,填,1480.wav
1481,闐,1481.wav
1482,忝,1482.wav
1483,舔,1483.wav
1484,殄,1484.wav
1485,腆,1485.wav
1486,靦,1486.wav
1487,汀,1487.wav
1488,聽,1488.wav
1489,廳,1489.wav
1490,廷,1490.wav
1491,庭,1491.wav
1492,蜓,1492.wav
1493,霆,1493.wav
1494,亭,1494.wav
1495,停,1495.wav
1496,婷,1496.wav
1497,挺,1497.wav
1498,梃,1498.wav
1499,艇,1499.wav
1500,鋌,1500.wav
1501,聽,1501.wav
1502,禿,1502.wav
1503,凸,1503.wav
1504,突,1504.wav
1505,涂,1505.wav
1506,荼,1506.wav
1507,途,1507.wav
1508,塗,1508.wav
1509,徒,1509.wav
1510,屠,1510.wav
1511,菟,1511.wav
1512,圖,1512.wav
1513,土,1513.wav
1514,吐,1514.wav
1515,吐,1515.wav
1516,兔,1516.wav
1517,菟,1517.wav
1518,托,1518.wav
1519,託,1519.wav
1520,魠,1520.wav
1521,拖,1521.wav
1522,脫,1522.wav
1523,佗,1523.wav
1524,沱,1524.wav
1525,陀,1525.wav
1526,酡,1526.wav
1527,跎,1527.wav
1528,駝,1528.wav
1529,鴕,1529.wav
1530,馱,1530.wav
1531,妥,1531.wav
1532,橢,1532.wav
1533,拓,1533.wav
1534,柝,1534.wav
1535,唾,1535.wav
1536,魄,1536.wav
1537,籜,1537.wav
1538,推,1538.wav
1539,隤,1539.wav
1540,頹,1540.wav
1541,腿,1541.wav
1542,退,1542.wav
1543,蛻,1543.wav
1544,湍,1544.wav
1545,摶,1545.wav
1546,團,1546.wav
1547,糰,1547.wav
1548,彖,1548.wav
1549,吞,1549.wav
1550,暾,1550.wav
1551,屯,1551.wav
1552,囤,1552.wav
1553,魨,1553.wav
1554,豚,1554.wav
1555,臀,1555.wav
1556,褪,1556.wav
1557,恫,1557.wav
1558,通,1558.wav
1559,仝,1559.wav
1560,同,1560.wav
1561,洞,1561.wav
1562,峒,1562.wav
1563,桐,1563.wav
1564,茼,1564.wav
1564A,衕,1564A.wav
1565,酮,1565.wav
1566,銅,1566.wav
1567,佟,1567.wav
1568,彤,1568.wav
1570,僮,1570.wav
1571,潼,1571.wav
1572,瞳,1572.wav
1573,捅,1573.wav
1574,桶,1574.wav
1575,統,1575.wav
1576,筒,1576.wav
1577,痛,1577.wav
1579,慟,1579.wav
1580,那,1580.wav
1581,南,1581.wav
1582,拏,1582.wav
1583,拿,1583.wav
1584,那,1584.wav
1585,哪,1585.wav
1586,吶,1586.wav
1587,衲,1587.wav
1588,納,1588.wav
1589,鈉,1589.wav
1590,那,1590.wav
1591,娜,1591.wav
1592,捺,1592.wav
1593,哪,1593.wav
1594,訥,1594.wav
1595,呢,1595.wav
1596,乃,1596.wav
1597,奶,1597.wav
1598,氖,1598.wav
1599,迺,1599.wav
1600,奈,1600.wav
1601,耐,1601.wav
1602,鼐,1602.wav
1603,餒,1603.wav
1604,內,1604.wav
1605,孬,1605.wav
1606,呶,1606.wav
1607,撓,1607.wav
1608,橈,1608.wav
1609,鐃,1609.wav
1610,惱,1610.wav
1611,瑙,1611.wav
1612,腦,1612.wav
1613,淖,1613.wav
1614,鬧,1614.wav
1615,耨,1615.wav
1618,男,1618.wav
1619,南,1619.wav
1620,喃,1620.wav
1621,楠,1621.wav
1622,難,1622.wav
1623,赧,1623.wav
1624,湳,1624.wav
1625,腩,1625.wav
1626,難,1626.wav
1627,嫩,1627.wav
1628,囊,1628.wav
1629,曩,1629.wav
1630,能,1630.wav
1631,尼,1631.wav
1632,泥,1632.wav
1633,怩,1633.wav
1634,呢,1634.wav
1636,兒,1636.wav
1637,倪,1637.wav
1638,霓,1638.wav
1639,你,1639.wav
1641,旎,1641.wav
1642,擬,1642.wav
1643,泥,1643.wav
1644,昵,1644.wav
1645,逆,1645.wav
1646,匿,1646.wav
1647,暱,1647.wav
1648,惄,1648.wav
1649,溺,1649.wav
1650,睨,1650.wav
1651,膩,1651.wav
1652,捏,1652.wav
1653,乜,1653.wav
1654,涅,1654.wav
1655,臬,1655.wav
1656,鎳,1656.wav
1657,隉,1657.wav
1659,聶,1659.wav
1660,囁,1660.wav
1661,躡,1661.wav
1662,鑷,1662.wav
1663,孽,1663.wav
1664,齧,1664.wav
1666,鳥,1666.wav
1667,裊,1667.wav
1668,嬝,1668.wav
1669,嫋,1669.wav
1670,尿,1670.wav
1671,溺,1671.wav
1672,妞,1672.wav
1673,牛,1673.wav
1674,忸,1674.wav
1675,扭,1675.wav
1676,紐,1676.wav
1677,鈕,1677.wav
1678,拗,1678.wav
1679,年,1679.wav
1680,拈,1680.wav
1681,粘,1681.wav
1682,黏,1682.wav
1683,鯰,1683.wav
1684,拈,1684.wav
1685,捻,1685.wav
1686,輦,1686.wav
1687,攆,1687.wav
1688,碾,1688.wav
1689,輾,1689.wav
1690,撚,1690.wav
1691,廿,1691.wav
1692,念,1692.wav
1693,唸,1693.wav
1694,您,1694.wav
1695,娘,1695.wav
1696,孃,1696.wav
1697,釀,1697.wav
1698,寧,1698.wav
1699,嚀,1699.wav
1700,獰,1700.wav
1701,檸,1701.wav
1702,聹,1702.wav
1703,凝,1703.wav
1704,擰,1704.wav
1705,佞,1705.wav
1706,寧,1706.wav
1707,濘,1707.wav
1708,擰,1708.wav
1709,奴,1709.wav
1710,孥,1710.wav
1711,駑,1711.wav
1712,努,1712.wav
1713,弩,1713.wav
1714,怒,1714.wav
1715,挪,1715.wav
1716,哪,1716.wav
1717,娜,1717.wav
1718,喏,1718.wav
1719,諾,1719.wav
1720,搦,1720.wav
1721,懦,1721.wav
1722,糯,1722.wav
1723,暖,1723.wav
1724,農,1724.wav
1725,儂,1725.wav
1726,濃,1726.wav
1727,噥,1727.wav
1728,膿,1728.wav
1729,穠,1729.wav
1732,女,1732.wav
1733,虐,1733.wav
1734,瘧,1734.wav
1735,謔,1735.wav
1736,拉,1736.wav
1737,啦,1737.wav
1738,邋,1738.wav
1739,旯,1739.wav
1740,剌,1740.wav
1741,喇,1741.wav
1742,剌,1742.wav
1743,瘌,1743.wav
1744,落,1744.wav
1745,辣,1745.wav
1746,臘,1746.wav
1747,蠟,1747.wav
1748,啦,1748.wav
1749,咯,1749.wav
1750,肋,1750.wav
1751,泐,1751.wav
1752,勒,1752.wav
1753,垃,1753.wav
1754,埒,1754.wav
1756,了,1756.wav
1757,來,1757.wav
1758,徠,1758.wav
1759,萊,1759.wav
1760,徠,1760.wav
1761,睞,1761.wav
1762,賴,1762.wav
1763,瀨,1763.wav
1764,癩,1764.wav
1765,籟,1765.wav
1765A,勒,1765A.wav
1766,雷,1766.wav
1767,擂,1767.wav
1768,鐳,1768.wav
1769,嫘,1769.wav
1770,羸,1770.wav
1771,罍,1771.wav
1772,纍,1772.wav
1773,耒,1773.wav
1774,誄,1774.wav
1775,累,1775.wav
1776,磊,1776.wav
1777,蕾,1777.wav
1778,儡,1778.wav
1779,壘,1779.wav
1780,礨,1780.wav
1781,淚,1781.wav
1782,累,1782.wav
1783,酹,1783.wav
1784,類,1784.wav
1785,撈,1785.wav
1786,牢,1786.wav
1787,勞,1787.wav
1788,撈,1788.wav
1789,嘮,1789.wav
1790,嶗,1790.wav
1791,癆,1791.wav
1792,老,1792.wav
1793,佬,1793.wav
1794,姥,1794.wav
1795,潦,1795.wav
1796,烙,1796.wav
1797,絡,1797.wav
1798,落,1798.wav
1799,勞,1799.wav
1800,澇,1800.wav
1801,摟,1801.wav
1802,婁,1802.wav
1803,僂,1803.wav
1804,摟,1804.wav
1805,嘍,1805.wav
1806,樓,1806.wav
1807,螻,1807.wav
1808,髏,1808.wav
1809,摟,1809.wav
1810,簍,1810.wav
1811,陋,1811.wav
1812,漏,1812.wav
1813,鏤,1813.wav
1814,露,1814.wav
1815,婪,1815.wav
1816,嵐,1816.wav
1817,闌,1817.wav
1818,瀾,1818.wav
1819,攔,1819.wav
1820,斕,1820.wav
1821,欄,1821.wav
1822,蘭,1822.wav
1823,藍,1823.wav
1824,襤,1824.wav
1825,籃,1825.wav
1826,懶,1826.wav
1827,覽,1827.wav
1828,攬,1828.wav
1829,欖,1829.wav
1830,纜,1830.wav
1831,濫,1831.wav
1832,瀾,1832.wav
1833,爛,1833.wav
1834,啷,1834.wav
1835,郎,1835.wav
1837,狼,1837.wav
1838,琅,1838.wav
1839,廊,1839.wav
1840,瑯,1840.wav
1841,榔,1841.wav
1842,蜋,1842.wav
1843,螂,1843.wav
1844,鋃,1844.wav
1845,朗,1845.wav
1846,浪,1846.wav
1847,棱,1847.wav
1848,稜,1848.wav
1849,楞,1849.wav
1850,冷,1850.wav
1851,怔,1851.wav
1852,愣,1852.wav
1853,楞,1853.wav
1854,哩,1854.wav
1855,狸,1855.wav
1856,貍,1856.wav
1857,梨,1857.wav
1858,犁,1858.wav
1859,蜊,1859.wav
1860,漓,1860.wav
1861,璃,1861.wav
1862,離,1862.wav
1863,灕,1863.wav
1864,籬,1864.wav
1865,犛,1865.wav
1866,釐,1866.wav
1868,藜,1868.wav
1869,罹,1869.wav
1870,麗,1870.wav
1871,驪,1871.wav
1872,鸝,1872.wav
1873,蠡,1873.wav
1874,李,1874.wav
1875,里,1875.wav
1876,俚,1876.wav
1877,浬,1877.wav
1878,哩,1878.wav
1879,娌,1879.wav
1880,理,1880.wav
1881,喱,1881.wav
1882,裡,1882.wav
1883,鋰,1883.wav
1884,鯉,1884.wav
1885,澧,1885.wav
1886,禮,1886.wav
1887,醴,1887.wav
1888,蠡,1888.wav
1889,邐,1889.wav
1890,力,1890.wav
1891,荔,1891.wav
1892,立,1892.wav
1893,粒,1893.wav
1894,笠,1894.wav
1895,蒞,1895.wav
1896,吏,1896.wav
1897,利,1897.wav
1898,俐,1898.wav
1899,琍,1899.wav
1900,莉,1900.wav
1901,痢,1901.wav
1902,例,1902.wav
1903,戾,1903.wav
1904,唳,1904.wav
1905,鬲,1905.wav
1906,栗,1906.wav
1907,慄,1907.wav
1908,篥,1908.wav
1909,詈,1909.wav
1910,厲,1910.wav
1911,勵,1911.wav
1912,癘,1912.wav
1913,礪,1913.wav
1914,蠣,1914.wav
1915,歷,1915.wav
1916,曆,1916.wav
1917,瀝,1917.wav
1918,壢,1918.wav
1919,嚦,1919.wav
1920,櫪,1920.wav
1921,靂,1921.wav
1922,隸,1922.wav
1923,櫟,1923.wav
1924,礫,1924.wav
1925,麗,1925.wav
1926,儷,1926.wav
1927,酈,1927.wav
1928,哩,1928.wav
1930,咧,1930.wav
1931,列,1931.wav
1932,冽,1932.wav
1933,洌,1933.wav
1934,烈,1934.wav
1935,裂,1935.wav
1936,劣,1936.wav
1937,捩,1937.wav
1938,獵,1938.wav
1939,邋,1939.wav
1940,鬣,1940.wav
1941,聊,1941.wav
1942,寥,1942.wav
1943,僚,1943.wav
1944,潦,1944.wav
1945,寮,1945.wav
1946,撩,1946.wav
1947,嘹,1947.wav
1948,獠,1948.wav
1949,燎,1949.wav
1950,遼,1950.wav
1951,療,1951.wav
1952,繚,1952.wav
1953,鐐,1953.wav
1954,鷯,1954.wav
1955,了,1955.wav
1956,瞭,1956.wav
1957,料,1957.wav
1958,廖,1958.wav
1959,撂,1959.wav
1960,瞭,1960.wav
1961,溜,1961.wav
1962,流,1962.wav
1963,琉,1963.wav
1964,硫,1964.wav
1965,留,1965.wav
1966,榴,1966.wav
1967,瘤,1967.wav
1968,騮,1968.wav
1969,劉,1969.wav
1970,瀏,1970.wav
1971,柳,1971.wav
1972,綹,1972.wav
1973,六,1973.wav
1974,陸,1974.wav
1975,溜,1975.wav
1976,遛,1976.wav
1977,蹓,1977.wav
1978,霤,1978.wav
1979,餾,1979.wav
1980,帘,1980.wav
1981,連,1981.wav
1982,漣,1982.wav
1983,璉,1983.wav
1985,蓮,1985.wav
1986,褳,1986.wav
1987,鰱,1987.wav
1988,廉,1988.wav
1989,濂,1989.wav
1990,簾,1990.wav
1991,鐮,1991.wav
1992,奩,1992.wav
1993,憐,1993.wav
1994,聯,1994.wav
1995,臉,1995.wav
1996,煉,1996.wav
1997,楝,1997.wav
1998,練,1998.wav
1999,鍊,1999.wav
2000,殮,2000.wav
2001,斂,2001.wav
2002,瀲,2002.wav
2003,鏈,2003.wav
2004,戀,2004.wav
2005,林,2005.wav
2006,淋,2006.wav
2007,琳,2007.wav
2008,霖,2008.wav
2009,粼,2009.wav
2010,鄰,2010.wav
2011,嶙,2011.wav
2012,遴,2012.wav
2013,燐,2013.wav
2014,磷,2014.wav
2015,瞵,2015.wav
2016,麟,2016.wav
2017,鱗,2017.wav
2018,臨,2018.wav
2019,稟,2019.wav
2020,凜,2020.wav
2021,廩,2021.wav
2022,懍,2022.wav
2023,吝,2023.wav
2024,賃,2024.wav
2025,藺,2025.wav
2026,躪,2026.wav
2027,良,2027.wav
2028,踉,2028.wav
2029,涼,2029.wav
2030,梁,2030.wav
2031,粱,2031.wav
2032,量,2032.wav
2033,糧,2033.wav
2034,兩,2034.wav
2036,魎,2036.wav
2037,亮,2037.wav
2038,喨,2038.wav
2039,涼,2039.wav
2040,晾,2040.wav
2041,諒,2041.wav
2042,量,2042.wav
2042A,踉,2042A.wav
2043,輛,2043.wav
2044,拎,2044.wav
2045,伶,2045.wav
2046,泠,2046.wav
2047,囹,2047.wav
2048,玲,2048.wav
2049,苓,2049.wav
2050,羚,2050.wav
2051,聆,2051.wav
2052,蛉,2052.wav
2053,翎,2053.wav
2054,零,2054.wav
2055,鈴,2055.wav
2056,鴒,2056.wav
2057,齡,2057.wav
2058,凌,2058.wav
2059,淩,2059.wav
2060,陵,2060.wav
2061,菱,2061.wav
2062,綾,2062.wav
2063,櫺,2063.wav
2064,靈,2064.wav
2065,欞,2065.wav
2066,領,2066.wav
2067,嶺,2067.wav
2068,另,2068.wav
2069,令,2069.wav
2070,嚕,2070.wav
2071,盧,2071.wav
2072,瀘,2072.wav
2073,廬,2073.wav
2074,壚,2074.wav
2075,爐,2075.wav
2076,蘆,2076.wav
2077,臚,2077.wav
2078,罏,2078.wav
2079,艫,2079.wav
2080,轤,2080.wav
2082,顱,2082.wav
2083,鱸,2083.wav
2084,鹵,2084.wav
2085,滷,2085.wav
2086,虜,2086.wav
2087,擄,2087.wav
2088,魯,2088.wav
2089,櫓,2089.wav
2090,六,2090.wav
2091,鹿,2091.wav
2092,漉,2092.wav
2093,簏,2093.wav
2094,轆,2094.wav
2095,麓,2095.wav
2096,陸,2096.wav
2097,祿,2097.wav
2098,碌,2098.wav
2099,錄,2099.wav
2100,籙,2100.wav
2101,賂,2101.wav
2102,路,2102.wav
2103,潞,2103.wav
2104,璐,2104.wav
2105,露,2105.wav
2106,鷺,2106.wav
2107,僇,2107.wav
2108,蓼,2108.wav
2109,戮,2109.wav
2110,氌,2110.wav
2111,囉,2111.wav
2112,螺,2112.wav
2113,騾,2113.wav
2114,羅,2114.wav
2115,儸,2115.wav
2116,囉,2116.wav
2117,玀,2117.wav
2118,蘿,2118.wav
2119,邏,2119.wav
2120,籮,2120.wav
2121,鑼,2121.wav
2122,裸,2122.wav
2123,洛,2123.wav
2124,烙,2124.wav
2125,珞,2125.wav
2126,絡,2126.wav
2127,酪,2127.wav
2129,雒,2129.wav
2130,駱,2130.wav
2131,漯,2131.wav
2132,犖,2132.wav
2133,巒,2133.wav
2134,孿,2134.wav
2135,欒,2135.wav
2136,攣,2136.wav
2137,臠,2137.wav
2138,灤,2138.wav
2139,鑾,2139.wav
2140,鸞,2140.wav
2141,卵,2141.wav
2142,亂,2142.wav
2143,掄,2143.wav
2144,侖,2144.wav
2145,倫,2145.wav
2146,淪,2146.wav
2147,掄,2147.wav
2148,圇,2148.wav
2149,崙,2149.wav
2150,綸,2150.wav
2151,論,2151.wav
2152,輪,2152.wav
2153,論,2153.wav
2154,隆,2154.wav
2155,窿,2155.wav
2156,龍,2156.wav
2157,瀧,2157.wav
2158,嚨,2158.wav
2159,瓏,2159.wav
2160,朧,2160.wav
2161,礱,2161.wav
2162,矓,2162.wav
2163,聾,2163.wav
2164,籠,2164.wav
2165,壟,2165.wav
2166,攏,2166.wav
2167,隴,2167.wav
2169,衖,2169.wav
2170,閭,2170.wav
2171,櫚,2171.wav
2172,驢,2172.wav
2173,呂,2173.wav
2174,侶,2174.wav
2175,鋁,2175.wav
2176,旅,2176.wav
2177,婁,2177.wav
2178,屢,2178.wav
2179,褸,2179.wav
2180,縷,2180.wav
2181,履,2181.wav
2182,律,2182.wav
2183,率,2183.wav
2184,氯,2184.wav
2185,綠,2185.wav
2186,慮,2186.wav
2187,濾,2187.wav
2188,壘,2188.wav
2189,掠,2189.wav
2190,略,2190.wav
2191,旮,2191.wav
2192,嘎,2192.wav
2193,軋,2193.wav
2194,尬,2194.wav
2195,戈,2195.wav
2196,疙,2196.wav
2197,咯,2197.wav
2198,胳,2198.wav
2199,擱,2199.wav
2200,哥,2200.wav
2201,歌,2201.wav
2202,割,2202.wav
2203,鴿,2203.wav
2204,革,2204.wav
2205,格,2205.wav
2206,閣,2206.wav
2207,骼,2207.wav
2208,鬲,2208.wav
2209,嗝,2209.wav
2210,隔,2210.wav
2211,膈,2211.wav
2212,翮,2212.wav
2213,鎘,2213.wav
2214,蛤,2214.wav
2215,閤,2215.wav
2217,噶,2217.wav
2218,合,2218.wav
2219,個,2219.wav
2220,舸,2220.wav
2221,葛,2221.wav
2222,蓋,2222.wav
2223,各,2223.wav
2224,鉻,2224.wav
2225,個,2225.wav
2226,箇,2226.wav
2227,垓,2227.wav
2228,該,2228.wav
2229,賅,2229.wav
2230,改,2230.wav
2231,丐,2231.wav
2232,鈣,2232.wav
2233,溉,2233.wav
2234,概,2234.wav
2235,蓋,2235.wav
2236,給,2236.wav
2237,咎,2237.wav
2238,羔,2238.wav
2239,糕,2239.wav
2240,高,2240.wav
2241,膏,2241.wav
2242,篙,2242.wav
2243,皋,2243.wav
2244,睪,2244.wav
2245,杲,2245.wav
2246,搞,2246.wav
2247,槁,2247.wav
2248,稿,2248.wav
2249,縞,2249.wav
2250,鎬,2250.wav
2251,告,2251.wav
2252,誥,2252.wav
2253,勾,2253.wav
2254,句,2254.wav
2255,枸,2255.wav
2256,鉤,2256.wav
2257,溝,2257.wav
2258,篝,2258.wav
2259,狗,2259.wav
2260,枸,2260.wav
2261,苟,2261.wav
2262,勾,2262.wav
2263,垢,2263.wav
2264,詬,2264.wav
2264A,句,2264A.wav
2265,夠,2265.wav
2266,搆,2266.wav
2268,遘,2268.wav
2269,構,2269.wav
2270,購,2270.wav
2271,彀,2271.wav
2272,干,2272.wav
2273,玕,2273.wav
2274,杆,2274.wav
2275,肝,2275.wav
2276,矸,2276.wav
2277,竿,2277.wav
2278,甘,2278.wav
2279,坩,2279.wav
2280,柑,2280.wav
2281,疳,2281.wav
2282,乾,2282.wav
2283,尷,2283.wav
2284,桿,2284.wav
2285,稈,2285.wav
2286,趕,2286.wav
2287,敢,2287.wav
2288,橄,2288.wav
2289,感,2289.wav
2290,擀,2290.wav
2291,旰,2291.wav
2292,淦,2292.wav
2293,紺,2293.wav
2294,幹,2294.wav
2295,榦,2295.wav
2296,贛,2296.wav
2297,根,2297.wav
2298,跟,2298.wav
2299,艮,2299.wav
2300,亙,2300.wav
2301,艮,2301.wav
2302,亢,2302.wav
2303,扛,2303.wav
2304,肛,2304.wav
2305,缸,2305.wav
2306,岡,2306.wav
2307,剛,2307.wav
2308,綱,2308.wav
2309,鋼,2309.wav
2310,罡,2310.wav
2312,港,2312.wav
2313,槓,2313.wav
2314,鋼,2314.wav
2317,粳,2317.wav
2318,庚,2318.wav
2320,賡,2320.wav
2321,耕,2321.wav
2322,羹,2322.wav
2323,埂,2323.wav
2324,哽,2324.wav
2325,梗,2325.wav
2326,骾,2326.wav
2327,鯁,2327.wav
2328,耿,2328.wav
2329,頸,2329.wav
2330,更,2330.wav
2331,估,2331.wav
2332,沽,2332.wav
2333,咕,2333.wav
2334,姑,2334.wav
2335,蛄,2335.wav
2336,菇,2336.wav
2337,鈷,2337.wav
2338,鴣,2338.wav
2339,呱,2339.wav
2340,孤,2340.wav
2341,菰,2341.wav
2342,家,2342.wav
2343,骨,2343.wav
2344,辜,2344.wav
2345,箍,2345.wav
2346,轂,2346.wav
2347,骨,2347.wav
2348,古,2348.wav
2349,牯,2349.wav
2350,罟,2350.wav
2351,詁,2351.wav
2352,鈷,2352.wav
2353,嘏,2353.wav
2354,汩,2354.wav
2355,谷,2355.wav
2356,股,2356.wav
2357,骨,2357.wav
2358,滑,2358.wav
2359,鶻,2359.wav
2360,鼓,2360.wav
2361,瞽,2361.wav
2362,賈,2362.wav
2363,穀,2363.wav
2364,轂,2364.wav
2365,鵠,2365.wav
2366,蠱,2366.wav
2367,告,2367.wav
2368,梏,2368.wav
2369,估,2369.wav
2370,固,2370.wav
2371,故,2371.wav
2372,痼,2372.wav
2373,錮,2373.wav
2374,雇,2374.wav
2375,僱,2375.wav
2376,顧,2376.wav
2377,瓜,2377.wav
2378,呱,2378.wav
2379,刮,2379.wav
2380,括,2380.wav
2381,聒,2381.wav
2382,颳,2382.wav
2383,蝸,2383.wav
2384,剮,2384.wav
2385,寡,2385.wav
2386,卦,2386.wav
2387,掛,2387.wav
2388,罣,2388.wav
2389,褂,2389.wav
2390,郭,2390.wav
2391,渦,2391.wav
2393,鍋,2393.wav
2394,蟈,2394.wav
2395,國,2395.wav
2396,摑,2396.wav
2397,幗,2397.wav
2398,虢,2398.wav
2399,馘,2399.wav
2400,果,2400.wav
2401,粿,2401.wav
2402,裹,2402.wav
2403,槨,2403.wav
2405,乖,2405.wav
2406,拐,2406.wav
2407,枴,2407.wav
2408,怪,2408.wav
2409,圭,2409.wav
2410,珪,2410.wav
2411,閨,2411.wav
2412,鮭,2412.wav
2413,皈,2413.wav
2414,規,2414.wav
2415,媯,2415.wav
2416,傀,2416.wav
2417,瑰,2417.wav
2418,龜,2418.wav
2419,歸,2419.wav
2420,軌,2420.wav
2421,匭,2421.wav
2422,癸,2422.wav
2423,鬼,2423.wav
2424,晷,2424.wav
2425,詭,2425.wav
2426,桂,2426.wav
2427,貴,2427.wav
2428,櫃,2428.wav
2429,跪,2429.wav
2430,會,2430.wav
2431,劌,2431.wav
2433,官,2433.wav
2434,倌,2434.wav
2435,棺,2435.wav
2436,冠,2436.wav
2437,矜,2437.wav
2438,莞,2438.wav
2439,綸,2439.wav
2440,瘝,2440.wav
2441,鰥,2441.wav
2442,關,2442.wav
2443,觀,2443.wav
2444,莞,2444.wav
2445,管,2445.wav
2446,館,2446.wav
2447,冠,2447.wav
2448,貫,2448.wav
2449,慣,2449.wav
2450,摜,2450.wav
2451,祼,2451.wav
2452,盥,2452.wav
2453,灌,2453.wav
2454,罐,2454.wav
2455,觀,2455.wav
2456,鸛,2456.wav
2457,袞,2457.wav
2458,滾,2458.wav
2459,鯀,2459.wav
2460,棍,2460.wav
2461,光,2461.wav
2462,胱,2462.wav
2463,廣,2463.wav
2464,獷,2464.wav
2465,逛,2465.wav
2466,工,2466.wav
2467,功,2467.wav
2468,攻,2468.wav
2470,弓,2470.wav
2471,躬,2471.wav
2472,公,2472.wav
2473,蚣,2473.wav
2474,共,2474.wav
2475,供,2475.wav
2476,龔,2476.wav
2477,肱,2477.wav
2479,恭,2479.wav
2480,觥,2480.wav
2481,汞,2481.wav
2482,拱,2482.wav
2483,栱,2483.wav
2484,鞏,2484.wav
2485,共,2485.wav
2486,供,2486.wav
2487,貢,2487.wav
2488,咖,2488.wav
2489,喀,2489.wav
2490,卡,2490.wav
2491,咯,2491.wav
2492,珂,2492.wav
2493,柯,2493.wav
2494,苛,2494.wav
2495,蚵,2495.wav
2496,軻,2496.wav
2497,科,2497.wav
2498,蝌,2498.wav
2499,棵,2499.wav
2500,窠,2500.wav
2501,稞,2501.wav
2502,顆,2502.wav
2503,頦,2503.wav
2504,磕,2504.wav
2505,瞌,2505.wav
2506,咳,2506.wav
2507,殼,2507.wav
2508,可,2508.wav
2509,坷,2509.wav
2510,渴,2510.wav
2511,可,2511.wav
2512,克,2512.wav
2513,剋,2513.wav
2514,刻,2514.wav
2515,客,2515.wav
2516,恪,2516.wav
2517,溘,2517.wav
2518,嗑,2518.wav
2519,課,2519.wav
2520,揩,2520.wav
2521,開,2521.wav
2522,慨,2522.wav
2523,剴,2523.wav
2524,凱,2524.wav
2525,愷,2525.wav
2526,闓,2526.wav
2527,鎧,2527.wav
2528,楷,2528.wav
2529,鍇,2529.wav
2530,欬,2530.wav
2531,愒,2531.wav
2532,愾,2532.wav
2533,尻,2533.wav
2534,考,2534.wav
2535,攷,2535.wav
2536,拷,2536.wav
2537,烤,2537.wav
2538,犒,2538.wav
2539,銬,2539.wav
2540,靠,2540.wav
2541,摳,2541.wav
2542,口,2542.wav
2543,叩,2543.wav
2544,扣,2544.wav
2545,釦,2545.wav
2546,佝,2546.wav
2547,寇,2547.wav
2548,蔻,2548.wav
2549,刊,2549.wav
2550,看,2550.wav
2551,勘,2551.wav
2552,堪,2552.wav
2553,戡,2553.wav
2554,龕,2554.wav
2555,坎,2555.wav
2556,砍,2556.wav
2557,崁,2557.wav
2558,嵌,2558.wav
2559,侃,2559.wav
2560,埳,2560.wav
2561,檻,2561.wav
2562,看,2562.wav
2563,瞰,2563.wav
2564,肯,2564.wav
2565,啃,2565.wav
2566,墾,2566.wav
2567,懇,2567.wav
2568,康,2568.wav
2569,慷,2569.wav
2570,糠,2570.wav
2571,扛,2571.wav
2572,亢,2572.wav
2573,伉,2573.wav
2574,抗,2574.wav
2575,炕,2575.wav
2576,坑,2576.wav
2577,吭,2577.wav
2578,鏗,2578.wav
2579,枯,2579.wav
2580,骷,2580.wav
2581,哭,2581.wav
2582,堀,2582.wav
2583,窟,2583.wav
2584,苦,2584.wav
2585,矻,2585.wav
2586,庫,2586.wav
2587,褲,2587.wav
2588,酷,2588.wav
2589,夸,2589.wav
2590,誇,2590.wav
2591,垮,2591.wav
2592,胯,2592.wav
2593,跨,2593.wav
2593A,括,2593A.wav
2594,廓,2594.wav
2595,闊,2595.wav
2596,擴,2596.wav
2597,蒯,2597.wav
2598,快,2598.wav
2599,筷,2599.wav
2600,塊,2600.wav
2601,會,2601.wav
2602,儈,2602.wav
2603,劊,2603.wav
2604,澮,2604.wav
2605,獪,2605.wav
2606,檜,2606.wav
2607,膾,2607.wav
2608,盔,2608.wav
2609,窺,2609.wav
2610,虧,2610.wav
2611,奎,2611.wav
2612,馗,2612.wav
2613,逵,2613.wav
2614,揆,2614.wav
2615,葵,2615.wav
2616,睽,2616.wav
2617,魁,2617.wav
2618,夔,2618.wav
2619,傀,2619.wav
2620,喟,2620.wav
2621,愧,2621.wav
2622,餽,2622.wav
2623,匱,2623.wav
2624,潰,2624.wav
2625,憒,2625.wav
2626,蕢,2626.wav
2627,聵,2627.wav
2628,簣,2628.wav
2629,饋,2629.wav
2630,歸,2630.wav
2631,寬,2631.wav
2632,髖,2632.wav
2633,款,2633.wav
2634,坤,2634.wav
2635,昆,2635.wav
2636,混,2636.wav
2637,崑,2637.wav
2638,琨,2638.wav
2639,錕,2639.wav
2640,鯤,2640.wav
2641,髡,2641.wav
2642,悃,2642.wav
2643,捆,2643.wav
2644,綑,2644.wav
2645,閫,2645.wav
2646,困,2646.wav
2647,睏,2647.wav
2648,匡,2648.wav
2649,劻,2649.wav
2650,框,2650.wav
2651,眶,2651.wav
2652,筐,2652.wav
2653,誆,2653.wav
2654,狂,2654.wav
2655,誑,2655.wav
2656,況,2656.wav
2657,鄺,2657.wav
2658,壙,2658.wav
2659,曠,2659.wav
2660,礦,2660.wav
2661,空,2661.wav
2662,崆,2662.wav
2663,箜,2663.wav
2664,孔,2664.wav
2665,恐,2665.wav
2666,倥,2666.wav
2667,空,2667.wav
2668,控,2668.wav
2669,哈,2669.wav
2670,蛤,2670.wav
2671,蝦,2671.wav
2672,哈,2672.wav
2673,呵,2673.wav
2674,訶,2674.wav
2675,喝,2675.wav
2676,禾,2676.wav
2677,和,2677.wav
2678,龢,2678.wav
2679,合,2679.wav
2680,盒,2680.wav
2681,閤,2681.wav
2682,何,2682.wav
2683,河,2683.wav
2684,荷,2684.wav
2685,劾,2685.wav
2686,核,2686.wav
2687,閡,2687.wav
2688,曷,2688.wav
2689,渴,2689.wav
2690,褐,2690.wav
2691,紇,2691.wav
2692,齕,2692.wav
2693,盍,2693.wav
2694,闔,2694.wav
2695,涸,2695.wav
2696,貉,2696.wav
2697,覈,2697.wav
2698,和,2698.wav
2699,荷,2699.wav
2700,喝,2700.wav
2701,賀,2701.wav
2702,赫,2702.wav
2703,嚇,2703.wav
2704,鶴,2704.wav
2705,咳,2705.wav
2706,嗨,2706.wav
2707,孩,2707.wav
2708,頦,2708.wav
2709,骸,2709.wav
2710,還,2710.wav
2711,海,2711.wav
2712,醢,2712.wav
2713,亥,2713.wav
2714,氦,2714.wav
2715,駭,2715.wav
2716,害,2716.wav
2717,黑,2717.wav
2718,嘿,2718.wav
2719,蒿,2719.wav
2720,毫,2720.wav
2721,豪,2721.wav
2722,濠,2722.wav
2723,壕,2723.wav
2724,嚎,2724.wav
2725,蠔,2725.wav
2726,號,2726.wav
2727,好,2727.wav
2728,郝,2728.wav
2729,好,2729.wav
2730,昊,2730.wav
2731,浩,2731.wav
2732,皓,2732.wav
2733,耗,2733.wav
2734,號,2734.wav
2735,鎬,2735.wav
2736,顥,2736.wav
2737,灝,2737.wav
2738,侯,2738.wav
2739,喉,2739.wav
2740,猴,2740.wav
2741,篌,2741.wav
2742,吼,2742.wav
2743,后,2743.wav
2744,逅,2744.wav
2745,厚,2745.wav
2746,後,2746.wav
2747,候,2747.wav
2748,蚶,2748.wav
2749,酣,2749.wav
2750,頇,2750.wav
2751,鼾,2751.wav
2752,憨,2752.wav
2753,汗,2753.wav
2754,含,2754.wav
2755,邯,2755.wav
2756,函,2756.wav
2757,涵,2757.wav
2758,寒,2758.wav
2759,幹,2759.wav
2760,榦,2760.wav
2761,韓,2761.wav
2762,罕,2762.wav
2763,喊,2763.wav
2764,汗,2764.wav
2765,扞,2765.wav
2766,旱,2766.wav
2767,悍,2767.wav
2768,捍,2768.wav
2769,焊,2769.wav
2770,銲,2770.wav
2771,和,2771.wav
2772,菡,2772.wav
2773,漢,2773.wav
2774,憾,2774.wav
2775,撼,2775.wav
2776,翰,2776.wav
2777,瀚,2777.wav
2778,頷,2778.wav
2779,痕,2779.wav
2781,狠,2781.wav
2782,恨,2782.wav
2783,夯,2783.wav
2784,行,2784.wav
2785,吭,2785.wav
2786,迒,2786.wav
2787,杭,2787.wav
2788,航,2788.wav
2789,頏,2789.wav
2790,行,2790.wav
2791,沆,2791.wav
2792,亨,2792.wav
2793,哼,2793.wav
2794,恆,2794.wav
2795,姮,2795.wav
2796,珩,2796.wav
2797,桁,2797.wav
2798,橫,2798.wav
2799,衡,2799.wav
2800,蘅,2800.wav
2801,橫,2801.wav
2802,乎,2802.wav
2803,呼,2803.wav
2804,忽,2804.wav
2805,惚,2805.wav
2806,戲,2806.wav
2807,囫,2807.wav
2808,和,2808.wav
2809,狐,2809.wav
2810,弧,2810.wav
2811,胡,2811.wav
2812,湖,2812.wav
2813,猢,2813.wav
2814,瑚,2814.wav
2815,葫,2815.wav
2816,糊,2816.wav
2817,蝴,2817.wav
2818,衚,2818.wav
2819,醐,2819.wav
2820,餬,2820.wav
2821,鬍,2821.wav
2822,鶘,2822.wav
2823,斛,2823.wav
2824,壺,2824.wav
2825,觳,2825.wav
2826,鵠,2826.wav
2827,鶻,2827.wav
2828,虎,2828.wav
2829,唬,2829.wav
2830,琥,2830.wav
2831,滸,2831.wav
2832,互,2832.wav
2833,戶,2833.wav
2834,戽,2834.wav
2835,扈,2835.wav
2836,滬,2836.wav
2837,怙,2837.wav
2838,祜,2838.wav
2839,笏,2839.wav
2840,瓠,2840.wav
2841,護,2841.wav
2842,化,2842.wav
2844,華,2844.wav
2845,嘩,2845.wav
2846,划,2846.wav
2847,華,2847.wav
2848,譁,2848.wav
2849,驊,2849.wav
2850,滑,2850.wav
2851,猾,2851.wav
2852,劃,2852.wav
2853,豁,2853.wav
2854,化,2854.wav
2855,華,2855.wav
2856,樺,2856.wav
2858,劃,2858.wav
2859,話,2859.wav
2860,活,2860.wav
2861,火,2861.wav
2862,伙,2862.wav
2863,夥,2863.wav
2864,或,2864.wav
2865,惑,2865.wav
2866,和,2866.wav
2867,貨,2867.wav
2868,禍,2868.wav
2869,霍,2869.wav
2870,豁,2870.wav
2871,壑,2871.wav
2872,獲,2872.wav
2873,矱,2873.wav
2874,穫,2874.wav
2875,鑊,2875.wav
2876,午,2876.wav
2877,和,2877.wav
2878,徊,2878.wav
2879,淮,2879.wav
2880,槐,2880.wav
2881,踝,2881.wav
2882,懷,2882.wav
2883,壞,2883.wav
2884,灰,2884.wav
2885,恢,2885.wav
2886,詼,2886.wav
2887,虺,2887.wav
2888,揮,2888.wav
2889,暉,2889.wav
2890,輝,2890.wav
2891,麾,2891.wav
2892,徽,2892.wav
2893,隳,2893.wav
2895,洄,2895.wav
2896,茴,2896.wav
2897,迴,2897.wav
2898,蛔,2898.wav
2899,虫,2899.wav
2900,虺,2900.wav
2901,悔,2901.wav
2902,毀,2902.wav
2903,燬,2903.wav
2904,會,2904.wav
2905,卉,2905.wav
2906,恚,2906.wav
2907,彗,2907.wav
2908,慧,2908.wav
2909,晦,2909.wav
2910,誨,2910.wav
2911,惠,2911.wav
2912,蕙,2912.wav
2913,蟪,2913.wav
2914,喙,2914.wav
2915,匯,2915.wav
2916,賄,2916.wav
2917,會,2917.wav
2918,燴,2918.wav
2919,薈,2919.wav
2920,繪,2920.wav
2921,彙,2921.wav
2922,諱,2922.wav
2923,穢,2923.wav
2924,獾,2924.wav
2925,歡,2925.wav
2926,桓,2926.wav
2927,寰,2927.wav
2928,圜,2928.wav
2929,環,2929.wav
2930,還,2930.wav
2931,繯,2931.wav
2932,鬟,2932.wav
2933,鍰,2933.wav
2934,緩,2934.wav
2935,澣,2935.wav
2936,幻,2936.wav
2937,宦,2937.wav
2938,奐,2938.wav
2939,渙,2939.wav
2940,換,2940.wav
2941,喚,2941.wav
2942,煥,2942.wav
2943,瘓,2943.wav
2944,患,2944.wav
2945,漶,2945.wav
2946,逭,2946.wav
2947,豢,2947.wav
2948,鯇,2948.wav
2949,昏,2949.wav
2950,婚,2950.wav
2951,葷,2951.wav
2952,渾,2952.wav
2953,琿,2953.wav
2954,魂,2954.wav
2955,餛,2955.wav
2956,混,2956.wav
2956A,渾,2956A.wav
2957,諢,2957.wav
2958,肓,2958.wav
2959,荒,2959.wav
2960,慌,2960.wav
2961,皇,2961.wav
2962,凰,2962.wav
2963,惶,2963.wav
2964,徨,2964.wav
2965,隍,2965.wav
2966,煌,2966.wav
2967,遑,2967.wav
2968,蝗,2968.wav
2969,篁,2969.wav
2970,黃,2970.wav
2971,潢,2971.wav
2972,璜,2972.wav
2973,磺,2973.wav
2974,簧,2974.wav
2975,恍,2975.wav
2976,晃,2976.wav
2977,幌,2977.wav
2978,謊,2978.wav
2979,晃,2979.wav
2980,吽,2980.wav
2981,哄,2981.wav
2982,烘,2982.wav
2983,訇,2983.wav
2984,薨,2984.wav
2985,轟,2985.wav
2986,弘,2986.wav
2987,泓,2987.wav
2988,宏,2988.wav
2989,紘,2989.wav
2990,閎,2990.wav
2991,洪,2991.wav
2992,虹,2992.wav
2994,訌,2994.wav
2995,鴻,2995.wav
2996,黌,2996.wav
2997,哄,2997.wav
2998,鬨,2998.wav
2999,几,2999.wav
3000,肌,3000.wav
3001,飢,3001.wav
3002,乩,3002.wav
3003,其,3003.wav
3004,基,3004.wav
3005,期,3005.wav
3006,棋,3006.wav
3007,箕,3007.wav
3008,奇,3008.wav
3009,犄,3009.wav
3010,畸,3010.wav
3011,笄,3011.wav
3012,屐,3012.wav
3013,姬,3013.wav
3014,嵇,3014.wav
3015,稽,3015.wav
3016,幾,3016.wav
3017,嘰,3017.wav
3018,畿,3018.wav
3019,璣,3019.wav
3020,機,3020.wav
3021,禨,3021.wav
3022,磯,3022.wav
3023,譏,3023.wav
3024,饑,3024.wav
3025,跡,3025.wav
3026,激,3026.wav
3027,積,3027.wav
3028,績,3028.wav
3029,蹟,3029.wav
3030,雞,3030.wav
3031,齎,3031.wav
3032,躋,3032.wav
3033,齏,3033.wav
3034,羈,3034.wav
3035,及,3035.wav
3036,伋,3036.wav
3037,汲,3037.wav
3038,岌,3038.wav
3039,笈,3039.wav
3040,級,3040.wav
3041,吉,3041.wav
3042,佶,3042.wav
3043,吃,3043.wav
3044,即,3044.wav
3045,唧,3045.wav
3046,革,3046.wav
3047,亟,3047.wav
3048,極,3048.wav
3049,殛,3049.wav
3050,急,3050.wav
3051,疾,3051.wav
3052,嫉,3052.wav
3053,蒺,3053.wav
3054,寂,3054.wav
3055,棘,3055.wav
3056,集,3056.wav
3057,楫,3057.wav
3058,戢,3058.wav
3059,輯,3059.wav
3060,瘠,3060.wav
3061,蹐,3061.wav
3062,鶺,3062.wav
3063,擊,3063.wav
3064,藉,3064.wav
3065,籍,3065.wav
3066,己,3066.wav
3067,脊,3067.wav
3068,戟,3068.wav
3069,給,3069.wav
3070,幾,3070.wav
3071,麂,3071.wav
3072,踦,3072.wav
3074,擠,3074.wav
3075,伎,3075.wav
3076,技,3076.wav
3078,芰,3078.wav
3079,忌,3079.wav
3080,紀,3080.wav
3081,記,3081.wav
3082,跽,3082.wav
3083,季,3083.wav
3084,悸,3084.wav
3085,洎,3085.wav
3086,計,3086.wav
3087,既,3087.wav
3088,暨,3088.wav
3089,寄,3089.wav
3090,偈,3090.wav
3091,祭,3091.wav
3092,際,3092.wav
3093,齊,3093.wav
3094,劑,3094.wav
3096,薺,3096.wav
3097,霽,3097.wav
3098,稷,3098.wav
3099,髻,3099.wav
3100,冀,3100.wav
3101,驥,3101.wav
3102,薊,3102.wav
3103,覬,3103.wav
3104,鯽,3104.wav
3105,繫,3105.wav
3106,繼,3106.wav
3107,加,3107.wav
3109,珈,3109.wav
3110,枷,3110.wav
3111,茄,3111.wav
3112,迦,3112.wav
3113,痂,3113.wav
3114,笳,3114.wav
3115,袈,3115.wav
3116,跏,3116.wav
3117,嘉,3117.wav
3118,佳,3118.wav
3119,家,3119.wav
3120,傢,3120.wav
3121,葭,3121.wav
3122,夾,3122.wav
3123,浹,3123.wav
3124,莢,3124.wav
3125,蛺,3125.wav
3126,鋏,3126.wav
3127,頰,3127.wav
3128,戛,3128.wav
3129,甲,3129.wav
3130,岬,3130.wav
3131,胛,3131.wav
3132,舺,3132.wav
3133,鉀,3133.wav
3134,夏,3134.wav
3135,假,3135.wav
3136,賈,3136.wav
3137,架,3137.wav
3138,駕,3138.wav
3139,假,3139.wav
3140,嫁,3140.wav
3141,稼,3141.wav
3142,價,3142.wav
3143,皆,3143.wav
3144,階,3144.wav
3145,接,3145.wav
3146,揭,3146.wav
3147,街,3147.wav
3148,結,3148.wav
3149,嗟,3149.wav
3150,孑,3150.wav
3151,劫,3151.wav
3152,杰,3152.wav
3153,拮,3153.wav
3154,桔,3154.wav
3155,結,3155.wav
3156,詰,3156.wav
3157,頡,3157.wav
3158,擷,3158.wav
3159,訐,3159.wav
3160,桀,3160.wav
3161,傑,3161.wav
3162,捷,3162.wav
3163,婕,3163.wav
3164,睫,3164.wav
3165,偈,3165.wav
3166,竭,3166.wav
3167,碣,3167.wav
3169,節,3169.wav
3170,櫛,3170.wav
3171,癤,3171.wav
3172,截,3172.wav
3173,潔,3173.wav
3174,姐,3174.wav
3175,姊,3175.wav
3176,解,3176.wav
3177,介,3177.wav
3178,芥,3178.wav
3179,疥,3179.wav
3180,界,3180.wav
3181,蚧,3181.wav
3182,戒,3182.wav
3183,誡,3183.wav
3184,屆,3184.wav
3185,借,3185.wav
3187,解,3187.wav
3189,郊,3189.wav
3190,茭,3190.wav
3191,蛟,3191.wav
3192,跤,3192.wav
3193,鮫,3193.wav
3194,教,3194.wav
3195,椒,3195.wav
3196,焦,3196.wav
3197,蕉,3197.wav
3198,礁,3198.wav
3199,鷦,3199.wav
3200,澆,3200.wav
3201,膠,3201.wav
3202,嬌,3202.wav
3203,驕,3203.wav
3204,徼,3204.wav
3207,佼,3207.wav
3208,狡,3208.wav
3209,姣,3209.wav
3210,皎,3210.wav
3211,筊,3211.wav
3212,絞,3212.wav
3213,鉸,3213.wav
3214,餃,3214.wav
3215,腳,3215.wav
3216,剿,3216.wav
3217,勦,3217.wav
3218,僥,3218.wav
3219,矯,3219.wav
3220,繳,3220.wav
3221,攪,3221.wav
3222,叫,3222.wav
3223,校,3223.wav
3224,較,3224.wav
3225,教,3225.wav
3226,窖,3226.wav
3227,嶠,3227.wav
3228,轎,3228.wav
3229,徼,3229.wav
3230,醮,3230.wav
3231,覺,3231.wav
3232,糾,3232.wav
3233,赳,3233.wav
3234,揪,3234.wav
3235,啾,3235.wav
3236,鳩,3236.wav
3237,鬮,3237.wav
3238,九,3238.wav
3239,久,3239.wav
3240,玖,3240.wav
3241,灸,3241.wav
3242,韭,3242.wav
3243,酒,3243.wav
3244,臼,3244.wav
3245,舅,3245.wav
3246,舊,3246.wav
3247,究,3247.wav
3248,疚,3248.wav
3249,柩,3249.wav
3250,咎,3250.wav
3251,救,3251.wav
3252,就,3252.wav
3253,鷲,3253.wav
3254,廄,3254.wav
3255,尖,3255.wav
3256,奸,3256.wav
3257,肩,3257.wav
3259,兼,3259.wav
3260,蒹,3260.wav
3261,縑,3261.wav
3262,鶼,3262.wav
3263,堅,3263.wav
3264,鰹,3264.wav
3265,湔,3265.wav
3266,煎,3266.wav
3267,菅,3267.wav
3268,間,3268.wav
3269,牋,3269.wav
3270,箋,3270.wav
3271,犍,3271.wav
3272,監,3272.wav
3273,緘,3273.wav
3274,艱,3274.wav
3275,殲,3275.wav
3276,柬,3276.wav
3277,揀,3277.wav
3278,剪,3278.wav
3279,翦,3279.wav
3280,減,3280.wav
3281,筧,3281.wav
3282,戩,3282.wav
3283,儉,3283.wav
3284,撿,3284.wav
3285,檢,3285.wav
3286,瞼,3286.wav
3287,鹼,3287.wav
3288,蹇,3288.wav
3289,簡,3289.wav
3290,繭,3290.wav
3291,件,3291.wav
3292,見,3292.wav
3293,建,3293.wav
3295,毽,3295.wav
3296,腱,3296.wav
3297,鍵,3297.wav
3298,荐,3298.wav
3299,間,3299.wav
3300,澗,3300.wav
3301,瞷,3301.wav
3302,漸,3302.wav
3303,監,3303.wav
3304,檻,3304.wav
3305,艦,3305.wav
3306,鑒,3306.wav
3307,鑑,3307.wav
3308,僭,3308.wav
3309,賤,3309.wav
3310,踐,3310.wav
3311,餞,3311.wav
3312,濺,3312.wav
3313,箭,3313.wav
3314,劍,3314.wav
3315,諫,3315.wav
3316,薦,3316.wav
3317,巾,3317.wav
3318,今,3318.wav
3319,矜,3319.wav
3320,衿,3320.wav
3321,斤,3321.wav
3322,金,3322.wav
3323,津,3323.wav
3324,觔,3324.wav
3325,筋,3325.wav
3326,禁,3326.wav
3327,襟,3327.wav
3328,巹,3328.wav
3329,堇,3329.wav
3330,菫,3330.wav
3331,僅,3331.wav
3332,瑾,3332.wav
3333,槿,3333.wav
3334,謹,3334.wav
3335,饉,3335.wav
3336,緊,3336.wav
3337,儘,3337.wav
3338,錦,3338.wav
3339,近,3339.wav
3340,浸,3340.wav
3341,晉,3341.wav
3342,搢,3342.wav
3343,進,3343.wav
3344,靳,3344.wav
3345,禁,3345.wav
3346,噤,3346.wav
3347,盡,3347.wav
3348,燼,3348.wav
3349,贐,3349.wav
3350,覲,3350.wav
3351,江,3351.wav
3352,豇,3352.wav
3353,姜,3353.wav
3354,將,3354.wav
3356,僵,3356.wav
3357,殭,3357.wav
3358,薑,3358.wav
3359,疆,3359.wav
3360,韁,3360.wav
3361,蔣,3361.wav
3362,槳,3362.wav
3363,獎,3363.wav
3364,講,3364.wav
3365,匠,3365.wav
3366,降,3366.wav
3367,絳,3367.wav
3369,糨,3369.wav
3370,將,3370.wav
3371,醬,3371.wav
3372,京,3372.wav
3373,鯨,3373.wav
3374,青,3374.wav
3375,菁,3375.wav
3376,睛,3376.wav
3377,精,3377.wav
3378,涇,3378.wav
3379,莖,3379.wav
3380,經,3380.wav
3381,荊,3381.wav
3382,旌,3382.wav
3383,晶,3383.wav
3384,兢,3384.wav
3385,驚,3385.wav
3386,井,3386.wav
3387,阱,3387.wav
3388,景,3388.wav
3389,憬,3389.wav
3390,儆,3390.wav
3391,警,3391.wav
3392,頸,3392.wav
3393,勁,3393.wav
3394,徑,3394.wav
3395,逕,3395.wav
3396,脛,3396.wav
3397,痙,3397.wav
3398,淨,3398.wav
3399,靜,3399.wav
3400,竟,3400.wav
3401,境,3401.wav
3402,鏡,3402.wav
3403,靖,3403.wav
3404,請,3404.wav
3405,靚,3405.wav
3406,敬,3406.wav
3407,競,3407.wav
3408,且,3408.wav
3409,沮,3409.wav
3410,狙,3410.wav
3411,疽,3411.wav
3412,趄,3412.wav
3413,雎,3413.wav
3415,拘,3415.wav
3416,痀,3416.wav
3417,駒,3417.wav
3418,居,3418.wav
3419,据,3419.wav
3420,裾,3420.wav
3421,局,3421.wav
3422,侷,3422.wav
3423,跼,3423.wav
3424,桔,3424.wav
3425,掬,3425.wav
3427,踘,3427.wav
3428,鞠,3428.wav
3429,橘,3429.wav
3430,沮,3430.wav
3431,咀,3431.wav
3432,齟,3432.wav
3433,枸,3433.wav
3434,蒟,3434.wav
3435,矩,3435.wav
3436,莒,3436.wav
3437,踽,3437.wav
3438,舉,3438.wav
3439,櫸,3439.wav
3440,巨,3440.wav
3441,拒,3441.wav
3442,炬,3442.wav
3443,苣,3443.wav
3444,詎,3444.wav
3445,距,3445.wav
3446,鉅,3446.wav
3447,句,3447.wav
3448,足,3448.wav
3449,具,3449.wav
3450,俱,3450.wav
3451,颶,3451.wav
3452,倨,3452.wav
3453,踞,3453.wav
3454,鋸,3454.wav
3455,聚,3455.wav
3456,劇,3456.wav
3457,據,3457.wav
3458,遽,3458.wav
3459,屨,3459.wav
3460,瞿,3460.wav
3461,懼,3461.wav
3462,撅,3462.wav
3463,噘,3463.wav
3464,孓,3464.wav
3465,決,3465.wav
3466,抉,3466.wav
3468,玦,3468.wav
3469,訣,3469.wav
3470,角,3470.wav
3471,倔,3471.wav
3472,掘,3472.wav
3473,崛,3473.wav
3475,獗,3475.wav
3476,蕨,3476.wav
3477,蹶,3477.wav
3478,絕,3478.wav
3479,噱,3479.wav
3480,爵,3480.wav
3481,譎,3481.wav
3482,矍,3482.wav
3483,攫,3483.wav
3484,蠼,3484.wav
3485,覺,3485.wav
3486,倔,3486.wav
3487,身,3487.wav
3488,涓,3488.wav
3489,捐,3489.wav
3490,娟,3490.wav
3491,鵑,3491.wav
3492,鐫,3492.wav
3493,卷,3493.wav
3494,捲,3494.wav
3495,卷,3495.wav
3496,倦,3496.wav
3497,眷,3497.wav
3498,圈,3498.wav
3499,狷,3499.wav
3500,絹,3500.wav
3501,雋,3501.wav
3502,均,3502.wav
3503,鈞,3503.wav
3504,君,3504.wav
3505,囷,3505.wav
3506,軍,3506.wav
3507,皸,3507.wav
3508,麇,3508.wav
3509,龜,3509.wav
3510,俊,3510.wav
3511,浚,3511.wav
3512,峻,3512.wav
3513,竣,3513.wav
3514,駿,3514.wav
3515,郡,3515.wav
3516,菌,3516.wav
3517,雋,3517.wav
3518,濬,3518.wav
3519,炯,3519.wav
3520,迥,3520.wav
3521,窘,3521.wav
3523,沏,3523.wav
3524,柒,3524.wav
3525,妻,3525.wav
3526,淒,3526.wav
3527,悽,3527.wav
3528,棲,3528.wav
3529,萋,3529.wav
3530,栖,3530.wav
3531,戚,3531.wav
3532,慼,3532.wav
3533,欺,3533.wav
3534,漆,3534.wav
3535,圻,3535.wav
3536,祈,3536.wav
3537,頎,3537.wav
3538,蘄,3538.wav
3539,岐,3539.wav
3540,枝,3540.wav
3541,歧,3541.wav
3542,跂,3542.wav
3543,祁,3543.wav
3544,其,3544.wav
3545,淇,3545.wav
3546,琪,3546.wav
3547,期,3547.wav
3548,棋,3548.wav
3549,祺,3549.wav
3551,騏,3551.wav
3552,麒,3552.wav
3553,奇,3553.wav
3554,崎,3554.wav
3555,琦,3555.wav
3556,錡,3556.wav
3557,騎,3557.wav
3558,祇,3558.wav
3559,衹,3559.wav
3560,俟,3560.wav
3561,耆,3561.wav
3562,鰭,3562.wav
3563,畦,3563.wav
3564,齊,3564.wav
3565,薺,3565.wav
3566,臍,3566.wav
3567,乞,3567.wav
3568,杞,3568.wav
3569,起,3569.wav
3570,豈,3570.wav
3571,啟,3571.wav
3572,綺,3572.wav
3573,稽,3573.wav
3574,企,3574.wav
3575,汽,3575.wav
3576,氣,3576.wav
3577,迄,3577.wav
3578,訖,3578.wav
3579,泣,3579.wav
3580,妻,3580.wav
3581,契,3581.wav
3582,砌,3582.wav
3583,亟,3583.wav
3584,棄,3584.wav
3585,葺,3585.wav
3586,緝,3586.wav
3587,憩,3587.wav
3588,磧,3588.wav
3589,器,3589.wav
3590,掐,3590.wav
3591,卡,3591.wav
3592,洽,3592.wav
3593,恰,3593.wav
3594,切,3594.wav
3596,茄,3596.wav
3597,且,3597.wav
3598,切,3598.wav
3599,妾,3599.wav
3600,挈,3600.wav
3601,鍥,3601.wav
3602,愜,3602.wav
3603,篋,3603.wav
3604,慊,3604.wav
3605,竊,3605.wav
3606,敲,3606.wav
3607,橇,3607.wav
3608,鍬,3608.wav
3609,蹺,3609.wav
3610,喬,3610.wav
3611,僑,3611.wav
3612,橋,3612.wav
3613,蕎,3613.wav
3614,憔,3614.wav
3615,樵,3615.wav
3616,瞧,3616.wav
3617,翹,3617.wav
3618,巧,3618.wav
3619,悄,3619.wav
3620,愀,3620.wav
3621,俏,3621.wav
3622,峭,3622.wav
3623,鞘,3623.wav
3624,撬,3624.wav
3625,竅,3625.wav
3626,翹,3626.wav
3627,丘,3627.wav
3628,坵,3628.wav
3629,邱,3629.wav
3630,蚯,3630.wav
3631,秋,3631.wav
3632,鞦,3632.wav
3633,鰍,3633.wav
3634,龜,3634.wav
3635,仇,3635.wav
3636,犰,3636.wav
3637,囚,3637.wav
3638,泅,3638.wav
3639,求,3639.wav
3640,球,3640.wav
3641,逑,3641.wav
3642,毬,3642.wav
3643,裘,3643.wav
3644,虯,3644.wav
3645,酋,3645.wav
3646,遒,3646.wav
3647,糗,3647.wav
3648,千,3648.wav
3649,仟,3649.wav
3650,扦,3650.wav
3651,阡,3651.wav
3652,芊,3652.wav
3653,牽,3653.wav
3654,嵌,3654.wav
3655,鉛,3655.wav
3656,僉,3656.wav
3657,簽,3657.wav
3658,愆,3658.wav
3659,慳,3659.wav
3660,遷,3660.wav
3661,韆,3661.wav
3662,謙,3662.wav
3663,騫,3663.wav
3664,籤,3664.wav
3665,前,3665.wav
3666,虔,3666.wav
3667,乾,3667.wav
3668,墘,3668.wav
3669,掮,3669.wav
3670,鉗,3670.wav
3671,箝,3671.wav
3672,潛,3672.wav
3673,黔,3673.wav
3674,錢,3674.wav
3675,淺,3675.wav
3676,遣,3676.wav
3677,繾,3677.wav
3678,譴,3678.wav
3679,欠,3679.wav
3680,芡,3680.wav
3681,茜,3681.wav
3682,倩,3682.wav
3683,慊,3683.wav
3684,歉,3684.wav
3685,塹,3685.wav
3686,縴,3686.wav
3687,侵,3687.wav
3688,駸,3688.wav
3689,衾,3689.wav
3690,欽,3690.wav
3691,嶔,3691.wav
3692,親,3692.wav
3694,秦,3694.wav
3695,琴,3695.wav
3696,覃,3696.wav
3697,勤,3697.wav
3698,懃,3698.wav
3699,禽,3699.wav
3700,擒,3700.wav
3701,噙,3701.wav
3702,寢,3702.wav
3703,沁,3703.wav
3705,將,3705.wav
3706,鏘,3706.wav
3707,腔,3707.wav
3708,搶,3708.wav
3709,槍,3709.wav
3710,蹌,3710.wav
3711,鎗,3711.wav
3712,鏹,3712.wav
3713,戕,3713.wav
3714,強,3714.wav
3715,嬙,3715.wav
3716,檣,3716.wav
3717,薔,3717.wav
3718,牆,3718.wav
3719,彊,3719.wav
3720,強,3720.wav
3721,襁,3721.wav
3722,鏹,3722.wav
3723,搶,3723.wav
3725,嗆,3725.wav
3725A,蹌,3725A.wav
3726,青,3726.wav
3727,清,3727.wav
3728,氰,3728.wav
3729,蜻,3729.wav
3730,鯖,3730.wav
3731,卿,3731.wav
3733,氫,3733.wav
3734,輕,3734.wav
3735,傾,3735.wav
3736,情,3736.wav
3737,晴,3737.wav
3738,檠,3738.wav
3739,擎,3739.wav
3740,黥,3740.wav
3741,頃,3741.wav
3742,請,3742.wav
3743,慶,3743.wav
3744,親,3744.wav
3745,磬,3745.wav
3746,罄,3746.wav
3747,曲,3747.wav
3748,蛐,3748.wav
3749,屈,3749.wav
3750,祛,3750.wav
3751,袪,3751.wav
3752,區,3752.wav
3753,嶇,3753.wav
3754,軀,3754.wav
3755,驅,3755.wav
3756,蛆,3756.wav
3757,趨,3757.wav
3758,劬,3758.wav
3759,鴝,3759.wav
3760,渠,3760.wav
3761,璩,3761.wav
3762,瞿,3762.wav
3763,臞,3763.wav
3764,衢,3764.wav
3765,麴,3765.wav
3766,曲,3766.wav
3767,取,3767.wav
3768,娶,3768.wav
3769,齲,3769.wav
3770,去,3770.wav
3771,趣,3771.wav
3772,闃,3772.wav
3773,覷,3773.wav
3774,缺,3774.wav
3775,闕,3775.wav
3776,瘸,3776.wav
3777,怯,3777.wav
3778,卻,3778.wav
3779,雀,3779.wav
3780,确,3780.wav
3781,愨,3781.wav
3782,榷,3782.wav
3783,確,3783.wav
3784,闋,3784.wav
3785,闕,3785.wav
3786,鵲,3786.wav
3787,圈,3787.wav
3788,全,3788.wav
3789,荃,3789.wav
3790,牷,3790.wav
3791,痊,3791.wav
3792,筌,3792.wav
3793,詮,3793.wav
3794,銓,3794.wav
3795,醛,3795.wav
3796,卷,3796.wav
3797,拳,3797.wav
3798,蜷,3798.wav
3799,鬈,3799.wav
3800,泉,3800.wav
3801,權,3801.wav
3802,顴,3802.wav
3803,犬,3803.wav
3804,畎,3804.wav
3805,綣,3805.wav
3806,券,3806.wav
3807,勸,3807.wav
3808,逡,3808.wav
3809,裙,3809.wav
3810,群,3810.wav
3811,芎,3811.wav
3812,穹,3812.wav
3813,蛩,3813.wav
3814,跫,3814.wav
3815,煢,3815.wav
3816,窮,3816.wav
3817,瓊,3817.wav
3818,兮,3818.wav
3819,西,3819.wav
3820,栖,3820.wav
3821,吸,3821.wav
3822,希,3822.wav
3823,唏,3823.wav
3824,烯,3824.wav
3825,晞,3825.wav
3826,欷,3826.wav
3827,稀,3827.wav
3828,析,3828.wav
3829,淅,3829.wav
3830,晰,3830.wav
3831,皙,3831.wav
3832,蜥,3832.wav
3833,奚,3833.wav
3834,溪,3834.wav
3835,蹊,3835.wav
3836,谿,3836.wav
3837,悉,3837.wav
3838,窸,3838.wav
3839,蟋,3839.wav
3840,棲,3840.wav
3841,犀,3841.wav
3842,樨,3842.wav
3843,熙,3843.wav
3844,僖,3844.wav
3845,嘻,3845.wav
3846,嬉,3846.wav
3847,熹,3847.wav
3848,禧,3848.wav
3849,撕,3849.wav
3850,膝,3850.wav
3851,羲,3851.wav
3852,曦,3852.wav
3853,犧,3853.wav
3854,螅,3854.wav
3855,釐,3855.wav
3856,醯,3856.wav
3857,攜,3857.wav
3858,觿,3858.wav
3859,昔,3859.wav
3860,惜,3860.wav
3861,席,3861.wav
3862,蓆,3862.wav
3863,息,3863.wav
3864,媳,3864.wav
3865,熄,3865.wav
3866,習,3866.wav
3867,裼,3867.wav
3868,錫,3868.wav
3869,檄,3869.wav
3870,隰,3870.wav
3871,襲,3871.wav
3872,洒,3872.wav
3873,洗,3873.wav
3874,徙,3874.wav
3875,屣,3875.wav
3876,喜,3876.wav
3877,囍,3877.wav
3878,璽,3878.wav
3879,夕,3879.wav
3880,汐,3880.wav
3881,矽,3881.wav
3882,系,3882.wav
3883,係,3883.wav
3884,繫,3884.wav
3885,細,3885.wav
3886,翕,3886.wav
3887,隙,3887.wav
3888,潟,3888.wav
3889,戲,3889.wav
3890,鬩,3890.wav
3891,蝦,3891.wav
3892,瞎,3892.wav
3893,匣,3893.wav
3894,呷,3894.wav
3895,狎,3895.wav
3896,柙,3896.wav
3897,俠,3897.wav
3898,挾,3898.wav
3899,峽,3899.wav
3900,狹,3900.wav
3901,瑕,3901.wav
3902,暇,3902.wav
3903,遐,3903.wav
3904,霞,3904.wav
3905,轄,3905.wav
3906,黠,3906.wav
3907,下,3907.wav
3908,夏,3908.wav
3909,廈,3909.wav
3910,諕,3910.wav
3911,嚇,3911.wav
3912,罅,3912.wav
3913,些,3913.wav
3914,楔,3914.wav
3915,歇,3915.wav
3916,蠍,3916.wav
3917,邪,3917.wav
3918,協,3918.wav
3919,脅,3919.wav
3920,勰,3920.wav
3921,偕,3921.wav
3922,諧,3922.wav
3923,斜,3923.wav
3924,絜,3924.wav
3925,頡,3925.wav
3926,鞋,3926.wav
3927,血,3927.wav
3928,寫,3928.wav
3929,泄,3929.wav
3931,卸,3931.wav
3932,洩,3932.wav
3933,契,3933.wav
3934,屑,3934.wav
3935,械,3935.wav
3936,解,3936.wav
3937,懈,3937.wav
3938,邂,3938.wav
3939,蟹,3939.wav
3940,榭,3940.wav
3941,謝,3941.wav
3942,燮,3942.wav
3943,褻,3943.wav
3944,薤,3944.wav
3945,瀣,3945.wav
3946,瀉,3946.wav
3947,削,3947.wav
3948,消,3948.wav
3949,宵,3949.wav
3950,逍,3950.wav
3951,硝,3951.wav
3952,綃,3952.wav
3953,霄,3953.wav
3954,銷,3954.wav
3955,哮,3955.wav
3956,梟,3956.wav
3957,蕭,3957.wav
3958,簫,3958.wav
3959,瀟,3959.wav
3960,鴞,3960.wav
3961,囂,3961.wav
3962,驍,3962.wav
3963,小,3963.wav
3964,筱,3964.wav
3965,篠,3965.wav
3966,曉,3966.wav
3967,謏,3967.wav
3968,孝,3968.wav
3969,酵,3969.wav
3970,肖,3970.wav
3971,效,3971.wav
3972,校,3972.wav
3973,傚,3973.wav
3974,笑,3974.wav
3975,嘯,3975.wav
3976,休,3976.wav
3977,咻,3977.wav
3978,髹,3978.wav
3979,修,3979.wav
3980,脩,3980.wav
3981,羞,3981.wav
3982,饈,3982.wav
3983,朽,3983.wav
3984,宿,3984.wav
3985,滫,3985.wav
3986,秀,3986.wav
3987,琇,3987.wav
3988,岫,3988.wav
3989,袖,3989.wav
3990,臭,3990.wav
3991,溴,3991.wav
3992,嗅,3992.wav
3993,宿,3993.wav
3994,繡,3994.wav
3995,鏽,3995.wav
3996,仙,3996.wav
3997,秈,3997.wav
3998,先,3998.wav
3999,祆,3999.wav
4000,掀,4000.wav
4001,暹,4001.wav
4002,鮮,4002.wav
4003,纖,4003.wav
4004,弦,4004.wav
4005,舷,4005.wav
4006,絃,4006.wav
4007,咸,4007.wav
4008,鹹,4008.wav
4009,涎,4009.wav
4010,啣,4010.wav
4011,閑,4011.wav
4012,閒,4012.wav
4013,嫻,4013.wav
4014,癇,4014.wav
4015,嫌,4015.wav
4016,銜,4016.wav
4017,賢,4017.wav
4018,洗,4018.wav
4019,銑,4019.wav
4020,尟,4020.wav
4021,蜆,4021.wav
4022,險,4022.wav
4023,鮮,4023.wav
4024,蘚,4024.wav
4025,癬,4025.wav
4026,燹,4026.wav
4027,顯,4027.wav
4028,玁,4028.wav
4029,見,4029.wav
4030,現,4030.wav
4031,莧,4031.wav
4032,限,4032.wav
4033,陷,4033.wav
4034,餡,4034.wav
4035,羨,4035.wav
4036,腺,4036.wav
4037,線,4037.wav
4038,憲,4038.wav
4039,縣,4039.wav
4040,霰,4040.wav
4041,獻,4041.wav
4043,芯,4043.wav
4045,莘,4045.wav
4046,鋅,4046.wav
4050,薪,4050.wav
4051,歆,4051.wav
4053,鑫,4053.wav
4054,囟,4054.wav
4056,釁,4056.wav
4057,相,4057.wav
4058,湘,4058.wav
4059,廂,4059.wav
4060,箱,4060.wav
4061,香,4061.wav
4062,鄉,4062.wav
4063,薌,4063.wav
4064,襄,4064.wav
4065,鑲,4065.wav
4066,驤,4066.wav
4067,羊,4067.wav
4068,庠,4068.wav
4069,祥,4069.wav
4070,翔,4070.wav
4071,詳,4071.wav
4072,降,4072.wav
4073,享,4073.wav
4074,想,4074.wav
4075,餉,4075.wav
4076,鯗,4076.wav
4077,響,4077.wav
4078,饗,4078.wav
4079,向,4079.wav
4080,巷,4080.wav
4081,相,4081.wav
4082,項,4082.wav
4083,象,4083.wav
4084,像,4084.wav
4085,橡,4085.wav
4086,嚮,4086.wav
4087,星,4087.wav
4088,惺,4088.wav
4089,猩,4089.wav
4090,腥,4090.wav
4091,興,4091.wav
4092,騂,4092.wav
4093,刑,4093.wav
4094,形,4094.wav
4095,邢,4095.wav
4096,型,4096.wav
4098,陘,4098.wav
4099,滎,4099.wav
4100,餳,4100.wav
4101,省,4101.wav
4102,醒,4102.wav
4103,擤,4103.wav
4105,荇,4105.wav
4106,杏,4106.wav
4108,姓,4108.wav
4109,幸,4109.wav
4110,倖,4110.wav
4111,悻,4111.wav
4112,興,4112.wav
4113,戌,4113.wav
4114,吁,4114.wav
4115,訏,4115.wav
4116,胥,4116.wav
4117,虛,4117.wav
4118,墟,4118.wav
4119,噓,4119.wav
4120,歔,4120.wav
4121,須,4121.wav
4122,鬚,4122.wav
4123,需,4123.wav
4124,徐,4124.wav
4125,咻,4125.wav
4126,栩,4126.wav
4127,詡,4127.wav
4128,許,4128.wav
4129,煦,4129.wav
4130,旭,4130.wav
4131,序,4131.wav
4132,卹,4132.wav
4133,洫,4133.wav
4134,恤,4134.wav
4135,畜,4135.wav
4136,蓄,4136.wav
4137,酗,4137.wav
4138,勖,4138.wav
4139,勗,4139.wav
4140,敘,4140.wav
4141,絮,4141.wav
4142,婿,4142.wav
4143,頊,4143.wav
4144,緒,4144.wav
4145,續,4145.wav
4146,靴,4146.wav
4147,噱,4147.wav
4148,薛,4148.wav
4149,踅,4149.wav
4150,學,4150.wav
4151,褶,4151.wav
4152,雪,4152.wav
4153,鱈,4153.wav
4154,穴,4154.wav
4155,削,4155.wav
4156,宣,4156.wav
4157,喧,4157.wav
4158,瑄,4158.wav
4159,萱,4159.wav
4160,暄,4160.wav
4161,軒,4161.wav
4162,暖,4162.wav
4163,諼,4163.wav
4164,玄,4164.wav
4165,旋,4165.wav
4166,漩,4166.wav
4167,璇,4167.wav
4168,璿,4168.wav
4169,懸,4169.wav
4170,選,4170.wav
4171,泫,4171.wav
4172,炫,4172.wav
4173,眩,4173.wav
4174,旋,4174.wav
4175,鏇,4175.wav
4176,渲,4176.wav
4177,絢,4177.wav
4178,勛,4178.wav
4179,葷,4179.wav
4180,熏,4180.wav
4181,壎,4181.wav
4182,燻,4182.wav
4183,薰,4183.wav
4184,醺,4184.wav
4185,旬,4185.wav
4186,洵,4186.wav
4187,峋,4187.wav
4188,荀,4188.wav
4189,詢,4189.wav
4190,巡,4190.wav
4191,循,4191.wav
4192,尋,4192.wav
4193,蕁,4193.wav
4195,馴,4195.wav
4196,汛,4196.wav
4197,迅,4197.wav
4198,訊,4198.wav
4199,徇,4199.wav
4200,殉,4200.wav
4201,訓,4201.wav
4202,孫,4202.wav
4203,遜,4203.wav
4204,巽,4204.wav
4205,蕈,4205.wav
4206,凶,4206.wav
4207,兇,4207.wav
4208,匈,4208.wav
4209,洶,4209.wav
4210,胸,4210.wav
4211,兄,4211.wav
4212,雄,4212.wav
4213,熊,4213.wav
4214,敻,4214.wav
4215,之,4215.wav
4216,芝,4216.wav
4217,支,4217.wav
4218,吱,4218.wav
4219,枝,4219.wav
4220,肢,4220.wav
4221,氏,4221.wav
4222,胝,4222.wav
4223,祗,4223.wav
4224,汁,4224.wav
4225,卮,4225.wav
4226,知,4226.wav
4227,蜘,4227.wav
4228,隻,4228.wav
4229,脂,4229.wav
4230,梔,4230.wav
4231,織,4231.wav
4232,直,4232.wav
4233,值,4233.wav
4234,埴,4234.wav
4235,植,4235.wav
4236,殖,4236.wav
4237,侄,4237.wav
4238,姪,4238.wav
4239,執,4239.wav
4240,蟄,4240.wav
4241,跖,4241.wav
4242,摭,4242.wav
4243,蹠,4243.wav
4244,質,4244.wav
4245,職,4245.wav
4246,擲,4246.wav
4247,躑,4247.wav
4248,止,4248.wav
4249,址,4249.wav
4250,芷,4250.wav
4251,祉,4251.wav
4252,趾,4252.wav
4254,咫,4254.wav
4255,旨,4255.wav
4256,指,4256.wav
4257,酯,4257.wav
4259,祇,4259.wav
4260,紙,4260.wav
4261,黹,4261.wav
4262,徵,4262.wav
4263,至,4263.wav
4264,致,4264.wav
4265,桎,4265.wav
4266,窒,4266.wav
4267,蛭,4267.wav
4268,輊,4268.wav
4269,緻,4269.wav
4270,忮,4270.wav
4271,志,4271.wav
4272,痣,4272.wav
4273,誌,4273.wav
4274,治,4274.wav
4275,帙,4275.wav
4276,秩,4276.wav
4277,制,4277.wav
4278,製,4278.wav
4280,智,4280.wav
4281,炙,4281.wav
4282,峙,4282.wav
4283,痔,4283.wav
4284,陟,4284.wav
4285,彘,4285.wav
4286,置,4286.wav
4287,雉,4287.wav
4288,稚,4288.wav
4289,滯,4289.wav
4290,摯,4290.wav
4291,贄,4291.wav
4292,幟,4292.wav
4293,識,4293.wav
4294,質,4294.wav
4295,躓,4295.wav
4296,遲,4296.wav
4297,扎,4297.wav
4298,查,4298.wav
4299,渣,4299.wav
4300,喳,4300.wav
4301,楂,4301.wav
4302,扎,4302.wav
4303,札,4303.wav
4304,紮,4304.wav
4305,炸,4305.wav
4306,煠,4306.wav
4307,閘,4307.wav
4308,鍘,4308.wav
4309,眨,4309.wav
4310,乍,4310.wav
4311,炸,4311.wav
4312,蚱,4312.wav
4313,詐,4313.wav
4314,搾,4314.wav
4315,榨,4315.wav
4316,吒,4316.wav
4317,柵,4317.wav
4318,蜡,4318.wav
4319,折,4319.wav
4320,遮,4320.wav
4321,螫,4321.wav
4322,折,4322.wav
4323,哲,4323.wav
4324,蜇,4324.wav
4325,輒,4325.wav
4326,摺,4326.wav
4327,褶,4327.wav
4328,磔,4328.wav
4329,謫,4329.wav
4330,轍,4330.wav
4331,懾,4331.wav
4332,讋,4332.wav
4333,者,4333.wav
4334,赭,4334.wav
4335,鍺,4335.wav
4337,浙,4337.wav
4338,這,4338.wav
4339,蔗,4339.wav
4340,鷓,4340.wav
4342,摘,4342.wav
4343,齋,4343.wav
4344,宅,4344.wav
4345,翟,4345.wav
4346,窄,4346.wav
4347,柴,4347.wav
4348,債,4348.wav
4349,寨,4349.wav
4350,招,4350.wav
4351,昭,4351.wav
4352,釗,4352.wav
4353,著,4353.wav
4354,朝,4354.wav
4355,著,4355.wav
4356,爪,4356.wav
4357,找,4357.wav
4358,沼,4358.wav
4359,召,4359.wav
4360,炤,4360.wav
4361,詔,4361.wav
4362,照,4362.wav
4363,兆,4363.wav
4364,棹,4364.wav
4365,罩,4365.wav
4366,趙,4366.wav
4367,肇,4367.wav
4368,櫂,4368.wav
4369,州,4369.wav
4370,洲,4370.wav
4371,舟,4371.wav
4372,周,4372.wav
4373,啁,4373.wav
4374,週,4374.wav
4375,粥,4375.wav
4376,妯,4376.wav
4378,軸,4378.wav
4379,肘,4379.wav
4380,帚,4380.wav
4381,宙,4381.wav
4382,胄,4382.wav
4383,冑,4383.wav
4384,咒,4384.wav
4385,紂,4385.wav
4386,晝,4386.wav
4387,皺,4387.wav
4388,縐,4388.wav
4389,籀,4389.wav
4390,占,4390.wav
4391,沾,4391.wav
4392,霑,4392.wav
4393,詹,4393.wav
4394,瞻,4394.wav
4395,邅,4395.wav
4396,氈,4396.wav
4397,饘,4397.wav
4398,展,4398.wav
4399,輾,4399.wav
4400,斬,4400.wav
4401,嶄,4401.wav
4402,盞,4402.wav
4403,颭,4403.wav
4404,占,4404.wav
4405,佔,4405.wav
4406,站,4406.wav
4407,湛,4407.wav
4408,棧,4408.wav
4409,綻,4409.wav
4410,暫,4410.wav
4411,戰,4411.wav
4412,顫,4412.wav
4413,蘸,4413.wav
4414,珍,4414.wav
4415,貞,4415.wav
4416,偵,4416.wav
4417,楨,4417.wav
4418,禎,4418.wav
4419,真,4419.wav
4420,砧,4420.wav
4421,針,4421.wav
4422,斟,4422.wav
4423,椹,4423.wav
4424,榛,4424.wav
4425,蓁,4425.wav
4426,臻,4426.wav
4427,甄,4427.wav
4428,箴,4428.wav
4429,枕,4429.wav
4430,疹,4430.wav
4431,畛,4431.wav
4432,診,4432.wav
4433,軫,4433.wav
4434,稹,4434.wav
4435,縝,4435.wav
4436,枕,4436.wav
4437,鴆,4437.wav
4438,振,4438.wav
4439,賑,4439.wav
4440,震,4440.wav
4441,朕,4441.wav
4442,陣,4442.wav
4443,鎮,4443.wav
4444,章,4444.wav
4445,漳,4445.wav
4446,彰,4446.wav
4447,獐,4447.wav
4448,璋,4448.wav
4449,樟,4449.wav
4450,蟑,4450.wav
4451,張,4451.wav
4452,仉,4452.wav
4453,長,4453.wav
4454,漲,4454.wav
4455,掌,4455.wav
4456,丈,4456.wav
4457,仗,4457.wav
4458,杖,4458.wav
4459,帳,4459.wav
4460,脹,4460.wav
4461,漲,4461.wav
4462,賬,4462.wav
4463,嶂,4463.wav
4464,幛,4464.wav
4465,障,4465.wav
4466,瘴,4466.wav
4467,正,4467.wav
4468,怔,4468.wav
4469,征,4469.wav
4470,鉦,4470.wav
4471,爭,4471.wav
4472,掙,4472.wav
4473,崢,4473.wav
4474,猙,4474.wav
4475,睜,4475.wav
4476,箏,4476.wav
4477,諍,4477.wav
4478,錚,4478.wav
4479,烝,4479.wav
4480,蒸,4480.wav
4482,癥,4482.wav
4483,拯,4483.wav
4484,整,4484.wav
4485,正,4485.wav
4486,政,4486.wav
4487,症,4487.wav
4488,証,4488.wav
4489,掙,4489.wav
4490,幀,4490.wav
4491,鄭,4491.wav
4492,證,4492.wav
4493,朱,4493.wav
4494,侏,4494.wav
4495,洙,4495.wav
4496,珠,4496.wav
4497,株,4497.wav
4498,茱,4498.wav
4499,硃,4499.wav
4500,蛛,4500.wav
4501,誅,4501.wav
4502,銖,4502.wav
4503,諸,4503.wav
4504,豬,4504.wav
4505,瀦,4505.wav
4506,櫫,4506.wav
4507,藷,4507.wav
4508,朮,4508.wav
4509,竹,4509.wav
4510,竺,4510.wav
4511,逐,4511.wav
4511A,舳,4511A.wav
4512,筑,4512.wav
4513,築,4513.wav
4514,燭,4514.wav
4515,躅,4515.wav
4516,主,4516.wav
4517,拄,4517.wav
4518,麈,4518.wav
4519,渚,4519.wav
4520,煮,4520.wav
4521,貯,4521.wav
4522,屬,4522.wav
4523,囑,4523.wav
4524,矚,4524.wav
4525,助,4525.wav
4526,住,4526.wav
4527,注,4527.wav
4528,炷,4528.wav
4529,柱,4529.wav
4530,蛀,4530.wav
4531,註,4531.wav
4532,駐,4532.wav
4533,佇,4533.wav
4534,苧,4534.wav
4535,杼,4535.wav
4536,祝,4536.wav
4537,著,4537.wav
4538,箸,4538.wav
4539,粥,4539.wav
4540,鑄,4540.wav
4541,抓,4541.wav
4542,爪,4542.wav
4543,捉,4543.wav
4544,桌,4544.wav
4545,棹,4545.wav
4546,勺,4546.wav
4547,灼,4547.wav
4548,酌,4548.wav
4549,拙,4549.wav
4550,茁,4550.wav
4551,卓,4551.wav
4552,浞,4552.wav
4553,啄,4553.wav
4554,琢,4554.wav
4555,著,4555.wav
4556,斲,4556.wav
4557,濁,4557.wav
4558,鐲,4558.wav
4559,濯,4559.wav
4560,擢,4560.wav
4561,跩,4561.wav
4562,拽,4562.wav
4564,椎,4564.wav
4565,錐,4565.wav
4566,騅,4566.wav
4567,追,4567.wav
4568,惴,4568.wav
4569,綴,4569.wav
4570,墜,4570.wav
4571,縋,4571.wav
4572,贅,4572.wav
4573,專,4573.wav
4574,磚,4574.wav
4575,顓,4575.wav
4577,囀,4577.wav
4578,傳,4578.wav
4579,轉,4579.wav
4580,撰,4580.wav
4581,饌,4581.wav
4582,篆,4582.wav
4583,賺,4583.wav
4584,屯,4584.wav
4585,迍,4585.wav
4586,肫,4586.wav
4587,諄,4587.wav
4588,准,4588.wav
4589,隼,4589.wav
4590,準,4590.wav
4591,妝,4591.wav
4592,莊,4592.wav
4593,裝,4593.wav
4594,樁,4594.wav
4595,壯,4595.wav
4596,狀,4596.wav
4597,僮,4597.wav
4598,撞,4598.wav
4600,戇,4600.wav
4601,中,4601.wav
4602,忠,4602.wav
4603,盅,4603.wav
4604,衷,4604.wav
4605,忪,4605.wav
4606,終,4606.wav
4607,螽,4607.wav
4608,鍾,4608.wav
4609,鐘,4609.wav
4610,冢,4610.wav
4611,塚,4611.wav
4612,腫,4612.wav
4613,種,4613.wav
4614,踵,4614.wav
4615,中,4615.wav
4616,仲,4616.wav
4617,重,4617.wav
4618,種,4618.wav
4619,眾,4619.wav
4620,吃,4620.wav
4621,哧,4621.wav
4622,蚩,4622.wav
4623,嗤,4623.wav
4624,笞,4624.wav
4625,喫,4625.wav
4626,痴,4626.wav
4627,鴟,4627.wav
4628,魑,4628.wav
4629,池,4629.wav
4630,弛,4630.wav
4631,馳,4631.wav
4632,持,4632.wav
4633,匙,4633.wav
4634,墀,4634.wav
4635,遲,4635.wav
4636,踟,4636.wav
4637,尺,4637.wav
4638,呎,4638.wav
4639,侈,4639.wav
4640,恥,4640.wav
4641,豉,4641.wav
4642,齒,4642.wav
4643,褫,4643.wav
4644,彳,4644.wav
4645,叱,4645.wav
4646,斥,4646.wav
4647,赤,4647.wav
4648,翅,4648.wav
4649,敕,4649.wav
4650,啻,4650.wav
4651,飭,4651.wav
4652,熾,4652.wav
4653,叉,4653.wav
4654,杈,4654.wav
4655,差,4655.wav
4656,插,4656.wav
4657,查,4657.wav
4658,碴,4658.wav
4660,搽,4660.wav
4661,察,4661.wav
4662,槎,4662.wav
4663,汊,4663.wav
4664,衩,4664.wav
4665,岔,4665.wav
4666,剎,4666.wav
4667,詫,4667.wav
4669,尺,4669.wav
4670,扯,4670.wav
4671,掣,4671.wav
4672,澈,4672.wav
4673,撤,4673.wav
4674,徹,4674.wav
4675,轍,4675.wav
4676,拆,4676.wav
4677,差,4677.wav
4678,釵,4678.wav
4679,柴,4679.wav
4680,豺,4680.wav
4681,儕,4681.wav
4682,抄,4682.wav
4683,鈔,4683.wav
4685,勦,4685.wav
4686,晁,4686.wav
4687,巢,4687.wav
4688,朝,4688.wav
4689,潮,4689.wav
4690,嘲,4690.wav
4691,吵,4691.wav
4692,炒,4692.wav
4693,抽,4693.wav
4694,仇,4694.wav
4695,惆,4695.wav
4696,稠,4696.wav
4697,綢,4697.wav
4698,酬,4698.wav
4699,愁,4699.wav
4700,儔,4700.wav
4701,疇,4701.wav
4702,籌,4702.wav
4703,躊,4703.wav
4704,鯈,4704.wav
4705,讎,4705.wav
4706,丑,4706.wav
4707,瞅,4707.wav
4708,醜,4708.wav
4709,臭,4709.wav
4710,摻,4710.wav
4711,攙,4711.wav
4713,嬋,4713.wav
4714,禪,4714.wav
4715,蟬,4715.wav
4716,孱,4716.wav
4717,潺,4717.wav
4718,蟾,4718.wav
4719,巉,4719.wav
4720,讒,4720.wav
4721,鑱,4721.wav
4722,饞,4722.wav
4723,纏,4723.wav
4724,產,4724.wav
4725,剷,4725.wav
4726,鏟,4726.wav
4727,諂,4727.wav
4728,闡,4728.wav
4729,懺,4729.wav
4730,羼,4730.wav
4731,琛,4731.wav
4732,嗔,4732.wav
4733,瞋,4733.wav
4734,臣,4734.wav
4735,沉,4735.wav
4736,忱,4736.wav
4737,辰,4737.wav
4738,宸,4738.wav
4739,晨,4739.wav
4740,陳,4740.wav
4741,湛,4741.wav
4742,諶,4742.wav
4743,塵,4743.wav
4744,疢,4744.wav
4745,趁,4745.wav
4746,齔,4746.wav
4747,櫬,4747.wav
4748,襯,4748.wav
4749,讖,4749.wav
4750,昌,4750.wav
4751,倡,4751.wav
4752,猖,4752.wav
4753,娼,4753.wav
4754,菖,4754.wav
4755,鯧,4755.wav
4756,倀,4756.wav
4757,長,4757.wav
4758,倘,4758.wav
4759,常,4759.wav
4760,徜,4760.wav
4761,裳,4761.wav
4762,嘗,4762.wav
4763,嫦,4763.wav
4764,嚐,4764.wav
4765,償,4765.wav
4766,腸,4766.wav
4767,昶,4767.wav
4768,場,4768.wav
4769,敞,4769.wav
4770,廠,4770.wav
4771,氅,4771.wav
4772,倡,4772.wav
4773,唱,4773.wav
4774,悵,4774.wav
4775,暢,4775.wav
4776,偁,4776.wav
4777,稱,4777.wav
4778,琤,4778.wav
4779,撐,4779.wav
4780,瞠,4780.wav
4781,鐺,4781.wav
4782,成,4782.wav
4783,城,4783.wav
4784,盛,4784.wav
4785,誠,4785.wav
4786,丞,4786.wav
4787,承,4787.wav
4788,呈,4788.wav
4790,程,4790.wav
4791,裎,4791.wav
4792,酲,4792.wav
4793,乘,4793.wav
4794,澄,4794.wav
4795,橙,4795.wav
4796,懲,4796.wav
4797,逞,4797.wav
4798,騁,4798.wav
4799,秤,4799.wav
4800,稱,4800.wav
4802,初,4802.wav
4803,齣,4803.wav
4804,芻,4804.wav
4805,雛,4805.wav
4806,除,4806.wav
4807,蜍,4807.wav
4808,廚,4808.wav
4809,櫥,4809.wav
4810,躕,4810.wav
4811,鋤,4811.wav
4812,儲,4812.wav
4813,躇,4813.wav
4814,杵,4814.wav
4815,處,4815.wav
4816,楚,4816.wav
4817,礎,4817.wav
4818,褚,4818.wav
4819,亍,4819.wav
4820,怵,4820.wav
4821,畜,4821.wav
4822,搐,4822.wav
4823,處,4823.wav
4824,絀,4824.wav
4825,黜,4825.wav
4826,觸,4826.wav
4827,矗,4827.wav
4828,抓,4828.wav
4829,戳,4829.wav
4830,啜,4830.wav
4831,輟,4831.wav
4832,綽,4832.wav
4833,齪,4833.wav
4834,揣,4834.wav
4835,踹,4835.wav
4836,吹,4836.wav
4837,炊,4837.wav
4838,垂,4838.wav
4839,捶,4839.wav
4840,陲,4840.wav
4841,棰,4841.wav
4842,錘,4842.wav
4843,搥,4843.wav
4844,槌,4844.wav
4845,鎚,4845.wav
4846,川,4846.wav
4847,穿,4847.wav
4848,船,4848.wav
4849,椽,4849.wav
4850,遄,4850.wav
4851,傳,4851.wav
4852,舛,4852.wav
4853,喘,4853.wav
4854,串,4854.wav
4855,釧,4855.wav
4856,春,4856.wav
4857,椿,4857.wav
4858,屯,4858.wav
4859,純,4859.wav
4860,淳,4860.wav
4861,醇,4861.wav
4862,鶉,4862.wav
4863,脣,4863.wav
4864,蠢,4864.wav
4865,囪,4865.wav
4866,窗,4866.wav
4867,創,4867.wav
4868,瘡,4868.wav
4869,床,4869.wav
4870,幢,4870.wav
4871,闖,4871.wav
4872,創,4872.wav
4873,愴,4873.wav
4874,充,4874.wav
4875,沖,4875.wav
4876,忡,4876.wav
4877,舂,4877.wav
4878,憧,4878.wav
4879,衝,4879.wav
4880,虫,4880.wav
4881,蟲,4881.wav
4882,重,4882.wav
4883,崇,4883.wav
4884,寵,4884.wav
4885,銃,4885.wav
4886,衝,4886.wav
4887,尸,4887.wav
4888,屍,4888.wav
4889,失,4889.wav
4890,虱,4890.wav
4892,師,4892.wav
4893,獅,4893.wav
4894,溼,4894.wav
4895,詩,4895.wav
4896,蝨,4896.wav
4897,濕,4897.wav
4898,十,4898.wav
4899,什,4899.wav
4900,石,4900.wav
4901,拾,4901.wav
4904,時,4904.wav
4905,蒔,4905.wav
4906,鰣,4906.wav
4907,提,4907.wav
4908,實,4908.wav
4909,史,4909.wav
4910,使,4910.wav
4911,駛,4911.wav
4912,矢,4912.wav
4913,豕,4913.wav
4914,始,4914.wav
4915,屎,4915.wav
4916,士,4916.wav
4917,仕,4917.wav
4918,氏,4918.wav
4919,舐,4919.wav
4920,市,4920.wav
4921,柿,4921.wav
4922,示,4922.wav
4923,視,4923.wav
4924,世,4924.wav
4925,式,4925.wav
4926,拭,4926.wav
4927,試,4927.wav
4928,軾,4928.wav
4929,弒,4929.wav
4930,事,4930.wav
4931,侍,4931.wav
4932,恃,4932.wav
4933,室,4933.wav
4934,是,4934.wav
4935,逝,4935.wav
4936,誓,4936.wav
4937,勢,4937.wav
4938,嗜,4938.wav
4939,筮,4939.wav
4940,噬,4940.wav
4941,飾,4941.wav
4942,適,4942.wav
4943,諡,4943.wav
4944,識,4944.wav
4945,釋,4945.wav
4946,匙,4946.wav
4947,沙,4947.wav
4948,砂,4948.wav
4949,紗,4949.wav
4950,莎,4950.wav
4951,痧,4951.wav
4952,裟,4952.wav
4953,鯊,4953.wav
4954,殺,4954.wav
4955,鎩,4955.wav
4956,煞,4956.wav
4957,啥,4957.wav
4958,傻,4958.wav
4959,歃,4959.wav
4960,煞,4960.wav
4961,霎,4961.wav
4962,奢,4962.wav
4963,畬,4963.wav
4964,賒,4964.wav
4965,舌,4965.wav
4966,折,4966.wav
4967,佘,4967.wav
4968,蛇,4968.wav
4969,舍,4969.wav
4970,捨,4970.wav
4971,社,4971.wav
4972,舍,4972.wav
4972A,拾,4972A.wav
4973,涉,4973.wav
4974,射,4974.wav
4975,麝,4975.wav
4976,設,4976.wav
4977,赦,4977.wav
4978,葉,4978.wav
4979,攝,4979.wav
4980,篩,4980.wav
4981,色,4981.wav
4982,晒,4982.wav
4983,殺,4983.wav
4984,誰,4984.wav
4985,捎,4985.wav
4986,梢,4986.wav
4987,稍,4987.wav
4988,筲,4988.wav
4989,燒,4989.wav
4990,勺,4990.wav
4991,杓,4991.wav
4992,芍,4992.wav
4993,韶,4993.wav
4994,少,4994.wav
4995,少,4995.wav
4996,召,4996.wav
4997,劭,4997.wav
4998,邵,4998.wav
4999,紹,4999.wav
5000,捎,5000.wav
5001,哨,5001.wav
5002,收,5002.wav
5003,熟,5003.wav
5004,手,5004.wav
5005,守,5005.wav
5006,首,5006.wav
5007,受,5007.wav
5008,授,5008.wav
5009,綬,5009.wav
5010,狩,5010.wav
5011,售,5011.wav
5012,壽,5012.wav
5013,瘦,5013.wav
5014,獸,5014.wav
5015,山,5015.wav
5016,舢,5016.wav
5017,杉,5017.wav
5018,衫,5018.wav
5019,刪,5019.wav
5020,姍,5020.wav
5021,珊,5021.wav
5022,跚,5022.wav
5023,苫,5023.wav
5024,扇,5024.wav
5025,搧,5025.wav
5026,煽,5026.wav
5027,潸,5027.wav
5028,羶,5028.wav
5029,閃,5029.wav
5030,陝,5030.wav
5031,汕,5031.wav
5032,疝,5032.wav
5033,訕,5033.wav
5034,扇,5034.wav
5035,善,5035.wav
5036,鄯,5036.wav
5037,膳,5037.wav
5038,繕,5038.wav
5041,撣,5041.wav
5042,禪,5042.wav
5043,擅,5043.wav
5044,嬗,5044.wav
5045,贍,5045.wav
5046,申,5046.wav
5047,伸,5047.wav
5048,呻,5048.wav
5049,砷,5049.wav
5050,紳,5050.wav
5051,身,5051.wav
5052,娠,5052.wav
5053,深,5053.wav
5054,莘,5054.wav
5055,參,5055.wav
5056,蔘,5056.wav
5057,燊,5057.wav
5058,什,5058.wav
5059,甚,5059.wav
5060,神,5060.wav
5061,沈,5061.wav
5062,哂,5062.wav
5063,審,5063.wav
5064,瀋,5064.wav
5065,嬸,5065.wav
5066,甚,5066.wav
5067,葚,5067.wav
5068,腎,5068.wav
5069,慎,5069.wav
5070,蜃,5070.wav
5071,滲,5071.wav
5072,商,5072.wav
5073,湯,5073.wav
5074,傷,5074.wav
5075,殤,5075.wav
5076,觴,5076.wav
5077,上,5077.wav
5078,晌,5078.wav
5079,賞,5079.wav
5080,上,5080.wav
5081,尚,5081.wav
5082,裳,5082.wav
5083,升,5083.wav
5084,昇,5084.wav
5085,陞,5085.wav
5086,生,5086.wav
5087,牲,5087.wav
5088,笙,5088.wav
5089,甥,5089.wav
5090,勝,5090.wav
5091,聲,5091.wav
5092,澠,5092.wav
5093,繩,5093.wav
5094,省,5094.wav
5095,眚,5095.wav
5096,乘,5096.wav
5097,剩,5097.wav
5098,嵊,5098.wav
5099,盛,5099.wav
5100,勝,5100.wav
5101,賸,5101.wav
5102,聖,5102.wav
5103,疋,5103.wav
5104,抒,5104.wav
5105,紓,5105.wav
5106,舒,5106.wav
5107,姝,5107.wav
5108,殊,5108.wav
5109,梳,5109.wav
5110,疏,5110.wav
5111,蔬,5111.wav
5112,書,5112.wav
5113,荼,5113.wav
5114,樞,5114.wav
5115,輸,5115.wav
5116,叔,5116.wav
5117,淑,5117.wav
5118,菽,5118.wav
5119,孰,5119.wav
5120,塾,5120.wav
5121,贖,5121.wav
5122,暑,5122.wav
5123,署,5123.wav
5124,薯,5124.wav
5125,糬,5125.wav
5126,藷,5126.wav
5127,黍,5127.wav
5128,蜀,5128.wav
5129,屬,5129.wav
5130,鼠,5130.wav
5131,數,5131.wav
5132,戍,5132.wav
5133,束,5133.wav
5134,漱,5134.wav
5135,述,5135.wav
5136,術,5136.wav
5137,恕,5137.wav
5138,庶,5138.wav
5139,倏,5139.wav
5140,署,5140.wav
5141,曙,5141.wav
5142,墅,5142.wav
5143,數,5143.wav
5144,豎,5144.wav
5145,樹,5145.wav
5146,刷,5146.wav
5147,耍,5147.wav
5148,說,5148.wav
5149,妁,5149.wav
5150,朔,5150.wav
5151,槊,5151.wav
5152,蒴,5152.wav
5153,碩,5153.wav
5154,數,5154.wav
5155,爍,5155.wav
5156,鑠,5156.wav
5157,衰,5157.wav
5158,摔,5158.wav
5159,甩,5159.wav
5160,帥,5160.wav
5161,率,5161.wav
5162,蟀,5162.wav
5163,水,5163.wav
5164,帨,5164.wav
5165,稅,5165.wav
5166,說,5166.wav
5167,睡,5167.wav
5168,拴,5168.wav
5169,栓,5169.wav
5170,閂,5170.wav
5171,涮,5171.wav
5172,吮,5172.wav
5173,舜,5173.wav
5174,瞬,5174.wav
5175,順,5175.wav
5176,霜,5176.wav
5177,孀,5177.wav
5178,雙,5178.wav
5179,瀧,5179.wav
5180,爽,5180.wav
5181,日,5181.wav
5182,若,5182.wav
5183,惹,5183.wav
5184,熱,5184.wav
5185,嬈,5185.wav
5186,蟯,5186.wav
5187,饒,5187.wav
5188,擾,5188.wav
5189,遶,5189.wav
5190,繞,5190.wav
5191,柔,5191.wav
5192,揉,5192.wav
5193,蹂,5193.wav
5194,肉,5194.wav
5195,然,5195.wav
5196,燃,5196.wav
5197,髯,5197.wav
5198,冉,5198.wav
5199,苒,5199.wav
5200,染,5200.wav
5201,人,5201.wav
5202,壬,5202.wav
5203,任,5203.wav
5204,仁,5204.wav
5205,忍,5205.wav
5206,荏,5206.wav
5207,稔,5207.wav
5208,刃,5208.wav
5209,仞,5209.wav
5210,紉,5210.wav
5211,軔,5211.wav
5212,韌,5212.wav
5213,認,5213.wav
5214,任,5214.wav
5215,妊,5215.wav
5216,衽,5216.wav
5217,恁,5217.wav
5218,紝,5218.wav
5219,飪,5219.wav
5220,攘,5220.wav
5221,瓤,5221.wav
5222,禳,5222.wav
5223,壤,5223.wav
5224,嚷,5224.wav
5225,讓,5225.wav
5226,扔,5226.wav
5227,仍,5227.wav
5228,如,5228.wav
5229,茹,5229.wav
5230,儒,5230.wav
5231,濡,5231.wav
5232,嚅,5232.wav
5233,孺,5233.wav
5234,蠕,5234.wav
5235,女,5235.wav
5236,汝,5236.wav
5237,乳,5237.wav
5238,入,5238.wav
5239,辱,5239.wav
5240,溽,5240.wav
5241,褥,5241.wav
5242,縟,5242.wav
5243,若,5243.wav
5244,偌,5244.wav
5245,弱,5245.wav
5246,蒻,5246.wav
5247,蕤,5247.wav
5248,蕊,5248.wav
5249,芮,5249.wav
5250,蚋,5250.wav
5251,瑞,5251.wav
5252,睿,5252.wav
5253,叡,5253.wav
5254,銳,5254.wav
5255,阮,5255.wav
5256,軟,5256.wav
5257,閏,5257.wav
5258,潤,5258.wav
5259,戎,5259.wav
5260,絨,5260.wav
5261,容,5261.wav
5262,溶,5262.wav
5263,熔,5263.wav
5264,榕,5264.wav
5265,蓉,5265.wav
5266,鎔,5266.wav
5267,茸,5267.wav
5268,榮,5268.wav
5269,嶸,5269.wav
5270,蠑,5270.wav
5271,融,5271.wav
5272,冗,5272.wav
5273,孜,5273.wav
5274,咨,5274.wav
5275,姿,5275.wav
5276,資,5276.wav
5277,趑,5277.wav
5278,諮,5278.wav
5279,茲,5279.wav
5280,滋,5280.wav
5281,孳,5281.wav
5282,淄,5282.wav
5283,緇,5283.wav
5284,錙,5284.wav
5285,貲,5285.wav
5286,髭,5286.wav
5288,齊,5288.wav
5289,子,5289.wav
5290,仔,5290.wav
5291,籽,5291.wav
5292,姊,5292.wav
5293,秭,5293.wav
5294,笫,5294.wav
5295,梓,5295.wav
5296,滓,5296.wav
5297,紫,5297.wav
5298,訾,5298.wav
5299,字,5299.wav
5300,自,5300.wav
5301,恣,5301.wav
5302,眥,5302.wav
5303,漬,5303.wav
5304,匝,5304.wav
5305,咂,5305.wav
5306,咱,5306.wav
5307,砸,5307.wav
5308,雜,5308.wav
5309,咋,5309.wav
5310,舴,5310.wav
5311,則,5311.wav
5312,責,5312.wav
5313,嘖,5313.wav
5314,澤,5314.wav
5315,擇,5315.wav
5316,仄,5316.wav
5317,昃,5317.wav
5318,災,5318.wav
5319,哉,5319.wav
5320,栽,5320.wav
5321,宰,5321.wav
5322,崽,5322.wav
5323,載,5323.wav
5324,再,5324.wav
5325,在,5325.wav
5326,載,5326.wav
5327,賊,5327.wav
5328,遭,5328.wav
5329,糟,5329.wav
5330,蹧,5330.wav
5331,鑿,5331.wav
5332,早,5332.wav
5333,蚤,5333.wav
5334,棗,5334.wav
5335,澡,5335.wav
5336,藻,5336.wav
5337,灶,5337.wav
5338,皂,5338.wav
5339,造,5339.wav
5340,噪,5340.wav
5341,燥,5341.wav
5342,譟,5342.wav
5343,躁,5343.wav
5344,鄒,5344.wav
5345,謅,5345.wav
5346,走,5346.wav
5347,奏,5347.wav
5348,揍,5348.wav
5349,驟,5349.wav
5350,簪,5350.wav
5351,咱,5351.wav
5352,糌,5352.wav
5353,拶,5353.wav
5354,攢,5354.wav
5355,贊,5355.wav
5356,讚,5356.wav
5357,怎,5357.wav
5358,譖,5358.wav
5359,臧,5359.wav
5360,贓,5360.wav
5361,髒,5361.wav
5362,臢,5362.wav
5363,奘,5363.wav
5364,葬,5364.wav
5365,藏,5365.wav
5366,臟,5366.wav
5367,曾,5367.wav
5368,憎,5368.wav
5369,增,5369.wav
5370,繒,5370.wav
5371,甑,5371.wav
5372,贈,5372.wav
5373,租,5373.wav
5374,足,5374.wav
5375,卒,5375.wav
5377,鏃,5377.wav
5378,阻,5378.wav
5379,俎,5379.wav
5380,祖,5380.wav
5381,組,5381.wav
5382,詛,5382.wav
5383,嘬,5383.wav
5384,作,5384.wav
5385,昨,5385.wav
5386,左,5386.wav
5387,佐,5387.wav
5388,坐,5388.wav
5389,座,5389.wav
5390,唑,5390.wav
5391,作,5391.wav
5392,怍,5392.wav
5393,祚,5393.wav
5394,酢,5394.wav
5395,做,5395.wav
5396,嘴,5396.wav
5397,晬,5397.wav
5398,醉,5398.wav
5399,最,5399.wav
5400,蕞,5400.wav
5401,罪,5401.wav
5402,鑽,5402.wav
5403,纂,5403.wav
5404,鑽,5404.wav
5405,尊,5405.wav
5406,遵,5406.wav
5407,樽,5407.wav
5407A,鱒,5407A.wav
5408,圳,5408.wav
5410,宗,5410.wav
5411,棕,5411.wav
5412,鬃,5412.wav
5413,從,5413.wav
5414,縱,5414.wav
5415,蹤,5415.wav
5416,傯,5416.wav
5417,總,5417.wav
5418,從,5418.wav
5419,縱,5419.wav
5420,粽,5420.wav
5421,綜,5421.wav
5422,差,5422.wav
5423,疵,5423.wav
5424,雌,5424.wav
5425,祠,5425.wav
5426,詞,5426.wav
5427,茨,5427.wav
5428,瓷,5428.wav
5429,茲,5429.wav
5430,慈,5430.wav
5431,磁,5431.wav
5432,辭,5432.wav
5433,此,5433.wav
5434,次,5434.wav
5435,伺,5435.wav
5436,刺,5436.wav
5437,擦,5437.wav
5438,嚓,5438.wav
5439,冊,5439.wav
5440,側,5440.wav
5441,測,5441.wav
5442,廁,5442.wav
5443,惻,5443.wav
5444,策,5444.wav
5445,猜,5445.wav
5446,才,5446.wav
5447,材,5447.wav
5448,財,5448.wav
5449,裁,5449.wav
5450,纔,5450.wav
5451,采,5451.wav
5452,採,5452.wav
5453,彩,5453.wav
5454,睬,5454.wav
5455,綵,5455.wav
5456,踩,5456.wav
5457,菜,5457.wav
5458,蔡,5458.wav
5459,操,5459.wav
5460,糙,5460.wav
5461,曹,5461.wav
5462,漕,5462.wav
5463,嘈,5463.wav
5464,槽,5464.wav
5465,草,5465.wav
5466,湊,5466.wav
5467,輳,5467.wav
5468,參,5468.wav
5469,驂,5469.wav
5470,餐,5470.wav
5471,殘,5471.wav
5472,慚,5472.wav
5473,蠶,5473.wav
5474,慘,5474.wav
5475,粲,5475.wav
5476,燦,5476.wav
5477,璨,5477.wav
5478,參,5478.wav
5479,岑,5479.wav
5480,涔,5480.wav
5481,倉,5481.wav
5482,傖,5482.wav
5483,滄,5483.wav
5484,蒼,5484.wav
5485,艙,5485.wav
5486,藏,5486.wav
5487,噌,5487.wav
5488,曾,5488.wav
5489,層,5489.wav
5490,蹭,5490.wav
5491,粗,5491.wav
5492,麤,5492.wav
5493,殂,5493.wav
5494,卒,5494.wav
5495,猝,5495.wav
5496,促,5496.wav
5497,酢,5497.wav
5498,趣,5498.wav
5499,槭,5499.wav
5500,蹙,5500.wav
5501,醋,5501.wav
5502,數,5502.wav
5503,簇,5503.wav
5504,蹴,5504.wav
5505,差,5505.wav
5506,搓,5506.wav
5507,磋,5507.wav
5508,蹉,5508.wav
5509,痤,5509.wav
5510,嵯,5510.wav
5511,剉,5511.wav
5512,挫,5512.wav
5513,厝,5513.wav
5514,措,5514.wav
5515,錯,5515.wav
5516,撮,5516.wav
5517,衰,5517.wav
5518,崔,5518.wav
5519,催,5519.wav
5520,摧,5520.wav
5521,璀,5521.wav
5522,脆,5522.wav
5523,淬,5523.wav
5524,悴,5524.wav
5525,啐,5525.wav
5526,萃,5526.wav
5527,瘁,5527.wav
5528,粹,5528.wav
5529,翠,5529.wav
5530,毳,5530.wav
5531,汆,5531.wav
5532,攛,5532.wav
5533,攢,5533.wav
5534,篡,5534.wav
5535,竄,5535.wav
5536,爨,5536.wav
5538,皴,5538.wav
5539,存,5539.wav
5540,忖,5540.wav
5541,寸,5541.wav
5542,吋,5542.wav
5543,匆,5543.wav
5544,囪,5544.wav
5545,蔥,5545.wav
5546,聰,5546.wav
5547,從,5547.wav
5548,樅,5548.wav
5549,淙,5549.wav
5551,從,5551.wav
5552,叢,5552.wav
5553,司,5553.wav
5554,私,5554.wav
5555,思,5555.wav
5556,斯,5556.wav
5557,廝,5557.wav
5558,撕,5558.wav
5559,嘶,5559.wav
5560,絲,5560.wav
5561,鷥,5561.wav
5562,死,5562.wav
5563,巳,5563.wav
5564,汜,5564.wav
5565,祀,5565.wav
5566,四,5566.wav
5567,泗,5567.wav
5568,駟,5568.wav
5569,寺,5569.wav
5570,兕,5570.wav
5571,似,5571.wav
5572,姒,5572.wav
5573,伺,5573.wav
5574,嗣,5574.wav
5575,飼,5575.wav
5576,俟,5576.wav
5577,食,5577.wav
5578,耜,5578.wav
5579,肆,5579.wav
5580,賜,5580.wav
5581,仨,5581.wav
5582,撒,5582.wav
5583,洒,5583.wav
5584,撒,5584.wav
5585,灑,5585.wav
5586,卅,5586.wav
5587,趿,5587.wav
5588,颯,5588.wav
5589,薩,5589.wav
5590,色,5590.wav
5591,圾,5591.wav
5592,塞,5592.wav
5593,瑟,5593.wav
5594,嗇,5594.wav
5595,穡,5595.wav
5596,澀,5596.wav
5597,思,5597.wav
5598,腮,5598.wav
5599,鰓,5599.wav
5600,塞,5600.wav
5601,塞,5601.wav
5602,賽,5602.wav
5603,搔,5603.wav
5604,騷,5604.wav
5605,艘,5605.wav
5606,臊,5606.wav
5607,繅,5607.wav
5608,掃,5608.wav
5609,嫂,5609.wav
5610,掃,5610.wav
5611,燥,5611.wav
5612,臊,5612.wav
5613,溲,5613.wav
5614,搜,5614.wav
5615,餿,5615.wav
5616,颼,5616.wav
5617,蒐,5617.wav
5618,叟,5618.wav
5619,擻,5619.wav
5620,藪,5620.wav
5621,嗽,5621.wav
5622,三,5622.wav
5623,參,5623.wav
5625,傘,5625.wav
5626,糝,5626.wav
5627,散,5627.wav
5628,森,5628.wav
5629,桑,5629.wav
5630,喪,5630.wav
5631,嗓,5631.wav
5632,顙,5632.wav
5633,喪,5633.wav
5634,僧,5634.wav
5635,甦,5635.wav
5636,酥,5636.wav
5637,穌,5637.wav
5638,蘇,5638.wav
5639,囌,5639.wav
5640,俗,5640.wav
5641,夙,5641.wav
5642,素,5642.wav
5643,愫,5643.wav
5644,宿,5644.wav
5645,蓿,5645.wav
5646,速,5646.wav
5647,觫,5647.wav
5648,簌,5648.wav
5649,訴,5649.wav
5650,粟,5650.wav
5651,肅,5651.wav
5652,溯,5652.wav
5653,塑,5653.wav
5654,愬,5654.wav
5655,窣,5655.wav
5656,娑,5656.wav
5657,挲,5657.wav
5658,莎,5658.wav
5659,唆,5659.wav
5660,梭,5660.wav
5661,嗦,5661.wav
5662,蓑,5662.wav
5663,簑,5663.wav
5664,縮,5664.wav
5665,所,5665.wav
5666,索,5666.wav
5667,嗩,5667.wav
5668,瑣,5668.wav
5669,鎖,5669.wav
5670,些,5670.wav
5671,睢,5671.wav
5672,雖,5672.wav
5673,綏,5673.wav
5674,隋,5674.wav
5675,隨,5675.wav
5676,髓,5676.wav
5677,祟,5677.wav
5678,遂,5678.wav
5679,隧,5679.wav
5680,燧,5680.wav
5681,邃,5681.wav
5682,碎,5682.wav
5683,歲,5683.wav
5684,穗,5684.wav
5685,痠,5685.wav
5686,酸,5686.wav
5687,蒜,5687.wav
5688,算,5688.wav
5689,孫,5689.wav
5690,猻,5690.wav
5691,蓀,5691.wav
5692,飧,5692.wav
5693,筍,5693.wav
5694,損,5694.wav
5695,榫,5695.wav
5696,忪,5696.wav
5697,松,5697.wav
5698,淞,5698.wav
5699,鬆,5699.wav
5700,嵩,5700.wav
5701,悚,5701.wav
5702,竦,5702.wav
5703,慫,5703.wav
5704,聳,5704.wav
5705,宋,5705.wav
5706,送,5706.wav
5707,訟,5707.wav
5708,頌,5708.wav
5709,誦,5709.wav
5710,阿,5710.wav
5711,啊,5711.wav
5712,啊,5712.wav
5713,呵,5713.wav
5715,哦,5715.wav
5716,阿,5716.wav
5717,屙,5717.wav
5718,婀,5718.wav
5719,痾,5719.wav
5720,俄,5720.wav
5721,哦,5721.wav
5722,峨,5722.wav
5723,娥,5723.wav
5724,莪,5724.wav
5725,蛾,5725.wav
5726,鵝,5726.wav
5727,訛,5727.wav
5727A,蚵,5727A.wav
5728,額,5728.wav
5729,惡,5729.wav
5730,噁,5730.wav
5731,厄,5731.wav
5732,扼,5732.wav
5733,呃,5733.wav
5734,阨,5734.wav
5735,軛,5735.wav
5736,堊,5736.wav
5737,惡,5737.wav
5738,愕,5738.wav
5739,鄂,5739.wav
5740,萼,5740.wav
5741,鍔,5741.wav
5742,顎,5742.wav
5743,遏,5743.wav
5744,餓,5744.wav
5745,噩,5745.wav
5746,鱷,5746.wav
5747,閼,5747.wav
5748,哀,5748.wav
5749,哎,5749.wav
5750,埃,5750.wav
5751,挨,5751.wav
5752,唉,5752.wav
5753,捱,5753.wav
5754,皚,5754.wav
5755,癌,5755.wav
5756,騃,5756.wav
5757,欸,5757.wav
5758,矮,5758.wav
5759,藹,5759.wav
5760,靄,5760.wav
5761,艾,5761.wav
5762,愛,5762.wav
5763,噯,5763.wav
5764,嬡,5764.wav
5765,璦,5765.wav
5766,曖,5766.wav
5767,隘,5767.wav
5768,礙,5768.wav
5769,欸,5769.wav
5770,凹,5770.wav
5771,坳,5771.wav
5772,敖,5772.wav
5773,嗷,5773.wav
5774,熬,5774.wav
5775,遨,5775.wav
5776,獒,5776.wav
5777,聱,5777.wav
5778,螯,5778.wav
5779,驁,5779.wav
5780,鰲,5780.wav
5781,翱,5781.wav
5782,鏖,5782.wav
5783,拗,5783.wav
5784,媼,5784.wav
5785,襖,5785.wav
5786,拗,5786.wav
5787,傲,5787.wav
5788,奧,5788.wav
5789,澳,5789.wav
5790,懊,5790.wav
5792,區,5792.wav
5793,漚,5793.wav
5794,嘔,5794.wav
5795,歐,5795.wav
5796,毆,5796.wav
5797,甌,5797.wav
5798,謳,5798.wav
5799,鷗,5799.wav
5800,偶,5800.wav
5801,耦,5801.wav
5802,藕,5802.wav
5803,嘔,5803.wav
5804,漚,5804.wav
5805,嘔,5805.wav
5806,安,5806.wav
5807,氨,5807.wav
5808,胺,5808.wav
5809,鞍,5809.wav
5810,庵,5810.wav
5811,鵪,5811.wav
5812,諳,5812.wav
5813,盦,5813.wav
5814,俺,5814.wav
5815,岸,5815.wav
5816,按,5816.wav
5817,案,5817.wav
5818,暗,5818.wav
5819,闇,5819.wav
5820,黯,5820.wav
5821,恩,5821.wav
5822,嗯,5822.wav
5823,腌,5823.wav
5824,骯,5824.wav
5825,昂,5825.wav
5826,盎,5826.wav
5827,而,5827.wav
5828,兒,5828.wav
5829,耳,5829.wav
5830,洱,5830.wav
5831,珥,5831.wav
5832,餌,5832.wav
5833,爾,5833.wav
5834,邇,5834.wav
5835,二,5835.wav
5836,貳,5836.wav
5837,一,5837.wav
5838,衣,5838.wav
5839,依,5839.wav
5840,伊,5840.wav
5841,咿,5841.wav
5842,壹,5842.wav
5843,揖,5843.wav
5844,漪,5844.wav
5845,醫,5845.wav
5846,黟,5846.wav
5847,台,5847.wav
5848,怡,5848.wav
5849,貽,5849.wav
5850,飴,5850.wav
5851,圯,5851.wav
5853,咦,5853.wav
5854,姨,5854.wav
5855,荑,5855.wav
5856,胰,5856.wav
5857,痍,5857.wav
5858,沂,5858.wav
5859,迆,5859.wav
5860,迤,5860.wav
5861,宜,5861.wav
5862,蛇,5862.wav
5863,移,5863.wav
5864,疑,5864.wav
5865,嶷,5865.wav
5866,儀,5866.wav
5867,頤,5867.wav
5868,遺,5868.wav
5869,彝,5869.wav
5870,乙,5870.wav
5871,已,5871.wav
5872,以,5872.wav
5873,苡,5873.wav
5874,矣,5874.wav
5875,倚,5875.wav
5876,椅,5876.wav
5877,旖,5877.wav
5878,蛾,5878.wav
5879,蟻,5879.wav
5880,艤,5880.wav
5881,乂,5881.wav
5882,刈,5882.wav
5883,艾,5883.wav
5884,弋,5884.wav
5885,亦,5885.wav
5886,弈,5886.wav
5887,奕,5887.wav
5888,衣,5888.wav
5890,曳,5890.wav
5891,洩,5891.wav
5892,屹,5892.wav
5893,抑,5893.wav
5894,邑,5894.wav
5895,浥,5895.wav
5896,悒,5896.wav
5897,挹,5897.wav
5898,佚,5898.wav
5899,軼,5899.wav
5900,役,5900.wav
5901,疫,5901.wav
5902,泄,5902.wav
5903,易,5903.wav
5904,埸,5904.wav
5905,蜴,5905.wav
5906,佾,5906.wav
5908,食,5908.wav
5909,羿,5909.wav
5910,翊,5910.wav
5911,翌,5911.wav
5912,益,5912.wav
5913,溢,5913.wav
5914,縊,5914.wav
5915,鎰,5915.wav
5916,射,5916.wav
5917,異,5917.wav
5918,翼,5918.wav
5919,逸,5919.wav
5920,義,5920.wav
5921,議,5921.wav
5922,意,5922.wav
5923,億,5923.wav
5924,憶,5924.wav
5925,噫,5925.wav
5926,薏,5926.wav
5927,臆,5927.wav
5928,詣,5928.wav
5929,肄,5929.wav
5930,熠,5930.wav
5931,毅,5931.wav
5932,誼,5932.wav
5933,瘞,5933.wav
5934,殪,5934.wav
5935,劓,5935.wav
5936,翳,5936.wav
5937,藝,5937.wav
5938,囈,5938.wav
5939,繹,5939.wav
5940,譯,5940.wav
5941,驛,5941.wav
5942,懿,5942.wav
5943,丫,5943.wav
5944,呀,5944.wav
5945,鴉,5945.wav
5946,押,5946.wav
5947,鴨,5947.wav
5947A,啞,5947A.wav
5948,椏,5948.wav
5949,壓,5949.wav
5950,牙,5950.wav
5951,枒,5951.wav
5952,芽,5952.wav
5953,蚜,5953.wav
5954,涯,5954.wav
5955,衙,5955.wav
5956,啞,5956.wav
5957,氬,5957.wav
5958,雅,5958.wav
5959,亞,5959.wav
5960,軋,5960.wav
5961,迓,5961.wav
5962,訝,5962.wav
5963,揠,5963.wav
5964,呀,5964.wav
5965,唷,5965.wav
5966,掖,5966.wav
5967,噎,5967.wav
5968,邪,5968.wav
5969,琊,5969.wav
5970,耶,5970.wav
5971,揶,5971.wav
5972,爺,5972.wav
5973,椰,5973.wav
5974,斜,5974.wav
5975,也,5975.wav
5976,冶,5976.wav
5977,野,5977.wav
5978,夜,5978.wav
5979,液,5979.wav
5980,掖,5980.wav
5981,腋,5981.wav
5982,頁,5982.wav
5983,咽,5983.wav
5984,射,5984.wav
5985,葉,5985.wav
5986,業,5986.wav
5987,燁,5987.wav
5988,曄,5988.wav
5989,謁,5989.wav
5990,擫,5990.wav
5991,靨,5991.wav
5993,崖,5993.wav
5994,么,5994.wav
5995,吆,5995.wav
5996,夭,5996.wav
5997,妖,5997.wav
5998,要,5998.wav
5999,腰,5999.wav
6000,喲,6000.wav
6001,邀,6001.wav
6002,爻,6002.wav
6003,肴,6003.wav
6004,淆,6004.wav
6005,殽,6005.wav
6006,餚,6006.wav
6007,姚,6007.wav
6008,陶,6008.wav
6009,堯,6009.wav
6010,搖,6010.wav
6011,瑤,6011.wav
6012,遙,6012.wav
6013,謠,6013.wav
6014,繇,6014.wav
6015,窯,6015.wav
6016,杳,6016.wav
6017,咬,6017.wav
6018,窈,6018.wav
6019,舀,6019.wav
6020,要,6020.wav
6021,葯,6021.wav
6022,樂,6022.wav
6023,藥,6023.wav
6024,曜,6024.wav
6025,耀,6025.wav
6026,鷂,6026.wav
6027,鑰,6027.wav
6028,攸,6028.wav
6029,悠,6029.wav
6030,呦,6030.wav
6031,幽,6031.wav
6032,憂,6032.wav
6033,優,6033.wav
6034,尤,6034.wav
6035,疣,6035.wav
6036,魷,6036.wav
6037,由,6037.wav
6038,油,6038.wav
6039,游,6039.wav
6040,遊,6040.wav
6041,蝣,6041.wav
6042,郵,6042.wav
6043,猶,6043.wav
6044,猷,6044.wav
6045,友,6045.wav
6046,有,6046.wav
6047,酉,6047.wav
6048,卣,6048.wav
6049,羑,6049.wav
6050,牖,6050.wav
6051,黝,6051.wav
6052,又,6052.wav
6053,右,6053.wav
6054,佑,6054.wav
6055,祐,6055.wav
6056,幼,6056.wav
6057,有,6057.wav
6058,侑,6058.wav
6059,宥,6059.wav
6060,囿,6060.wav
6061,柚,6061.wav
6062,釉,6062.wav
6063,鈾,6063.wav
6064,鼬,6064.wav
6065,莠,6065.wav
6066,誘,6066.wav
6067,奄,6067.wav
6068,淹,6068.wav
6069,醃,6069.wav
6070,閹,6070.wav
6071,咽,6071.wav
6072,胭,6072.wav
6073,殷,6073.wav
6074,焉,6074.wav
6075,鄢,6075.wav
6076,嫣,6076.wav
6077,菸,6077.wav
6078,閼,6078.wav
6079,煙,6079.wav
6080,燕,6080.wav
6081,懨,6081.wav
6082,言,6082.wav
6083,妍,6083.wav
6084,研,6084.wav
6085,沿,6085.wav
6086,炎,6086.wav
6087,岩,6087.wav
6088,延,6088.wav
6089,蜒,6089.wav
6090,筵,6090.wav
6091,閻,6091.wav
6092,檐,6092.wav
6093,簷,6093.wav
6094,顏,6094.wav
6095,嚴,6095.wav
6096,巖,6096.wav
6097,鹽,6097.wav
6098,奄,6098.wav
6099,掩,6099.wav
6100,衍,6100.wav
6101,眼,6101.wav
6102,偃,6102.wav
6103,鼴,6103.wav
6104,琰,6104.wav
6105,演,6105.wav
6106,儼,6106.wav
6107,魘,6107.wav
6108,彥,6108.wav
6109,諺,6109.wav
6110,宴,6110.wav
6111,堰,6111.wav
6112,唁,6112.wav
6113,晏,6113.wav
6114,焱,6114.wav
6115,焰,6115.wav
6116,燄,6116.wav
6117,硯,6117.wav
6118,雁,6118.wav
6119,贗,6119.wav
6120,厭,6120.wav
6121,饜,6121.wav
6122,燕,6122.wav
6123,嚥,6123.wav
6124,驗,6124.wav
6125,讞,6125.wav
6126,豔,6126.wav
6127,灩,6127.wav
6128,因,6128.wav
6130,茵,6130.wav
6131,氤,6131.wav
6132,音,6132.wav
6133,喑,6133.wav
6134,瘖,6134.wav
6135,殷,6135.wav
6136,慇,6136.wav
6137,陰,6137.wav
6138,湮,6138.wav
6139,吟,6139.wav
6140,垠,6140.wav
6141,銀,6141.wav
6142,齦,6142.wav
6143,狺,6143.wav
6144,淫,6144.wav
6145,霪,6145.wav
6146,寅,6146.wav
6147,夤,6147.wav
6148,鄞,6148.wav
6149,尹,6149.wav
6150,引,6150.wav
6151,蚓,6151.wav
6152,飲,6152.wav
6153,隱,6153.wav
6154,檃,6154.wav
6155,癮,6155.wav
6156,印,6156.wav
6157,胤,6157.wav
6158,飲,6158.wav
6159,蔭,6159.wav
6160,央,6160.wav
6161,泱,6161.wav
6162,殃,6162.wav
6163,秧,6163.wav
6164,鞅,6164.wav
6165,鴦,6165.wav
6166,羊,6166.wav
6167,佯,6167.wav
6168,洋,6168.wav
6169,徉,6169.wav
6170,烊,6170.wav
6171,揚,6171.wav
6172,陽,6172.wav
6173,煬,6173.wav
6174,楊,6174.wav
6175,瘍,6175.wav
6176,颺,6176.wav
6177,仰,6177.wav
6178,氧,6178.wav
6179,養,6179.wav
6180,癢,6180.wav
6181,怏,6181.wav
6182,恙,6182.wav
6183,漾,6183.wav
6184,養,6184.wav
6185,樣,6185.wav
6186,英,6186.wav
6187,瑛,6187.wav
6188,應,6188.wav
6189,膺,6189.wav
6190,鷹,6190.wav
6191,嬰,6191.wav
6192,罌,6192.wav
6193,嚶,6193.wav
6194,瓔,6194.wav
6195,櫻,6195.wav
6196,纓,6196.wav
6197,鸚,6197.wav
6198,鶯,6198.wav
6199,迎,6199.wav
6200,盈,6200.wav
6201,楹,6201.wav
6202,塋,6202.wav
6203,熒,6203.wav
6204,滎,6204.wav
6205,瑩,6205.wav
6206,螢,6206.wav
6207,縈,6207.wav
6208,營,6208.wav
6209,嬴,6209.wav
6210,瀛,6210.wav
6211,贏,6211.wav
6212,蠅,6212.wav
6213,郢,6213.wav
6214,景,6214.wav
6215,影,6215.wav
6216,潁,6216.wav
6217,穎,6217.wav
6218,映,6218.wav
6219,硬,6219.wav
6220,應,6220.wav
6221,污,6221.wav
6222,汙,6222.wav
6223,巫,6223.wav
6224,誣,6224.wav
6225,於,6225.wav
6226,屋,6226.wav
6227,烏,6227.wav
6228,嗚,6228.wav
6229,鄔,6229.wav
6230,鎢,6230.wav
6231,惡,6231.wav
6232,亡,6232.wav
6233,毋,6233.wav
6234,吾,6234.wav
6235,唔,6235.wav
6236,梧,6236.wav
6237,鋙,6237.wav
6238,鼯,6238.wav
6239,吳,6239.wav
6240,蜈,6240.wav
6241,無,6241.wav
6242,蕪,6242.wav
6243,五,6243.wav
6244,伍,6244.wav
6245,捂,6245.wav
6246,牾,6246.wav
6247,午,6247.wav
6248,忤,6248.wav
6249,迕,6249.wav
6250,武,6250.wav
6251,鵡,6251.wav
6252,侮,6252.wav
6253,摀,6253.wav
6254,舞,6254.wav
6255,廡,6255.wav
6256,嫵,6256.wav
6257,兀,6257.wav
6258,屼,6258.wav
6259,阢,6259.wav
6260,杌,6260.wav
6261,勿,6261.wav
6262,物,6262.wav
6263,戊,6263.wav
6264,悟,6264.wav
6265,晤,6265.wav
6266,寤,6266.wav
6267,務,6267.wav
6268,霧,6268.wav
6269,騖,6269.wav
6270,鶩,6270.wav
6271,惡,6271.wav
6272,塢,6272.wav
6273,誤,6273.wav
6274,挖,6274.wav
6275,哇,6275.wav
6276,蛙,6276.wav
6277,窪,6277.wav
6278,媧,6278.wav
6279,娃,6279.wav
6280,瓦,6280.wav
6281,襪,6281.wav
6282,哇,6282.wav
6284,渦,6284.wav
6285,萵,6285.wav
6286,窩,6286.wav
6288,沃,6288.wav
6289,臥,6289.wav
6290,渥,6290.wav
6291,握,6291.wav
6293,幄,6293.wav
6294,齷,6294.wav
6295,斡,6295.wav
6296,歪,6296.wav
6297,歪,6297.wav
6298,外,6298.wav
6299,委,6299.wav
6300,萎,6300.wav
6301,逶,6301.wav
6302,威,6302.wav
6303,崴,6303.wav
6304,葳,6304.wav
6305,偎,6305.wav
6306,隈,6306.wav
6307,危,6307.wav
6308,桅,6308.wav
6309,為,6309.wav
6310,韋,6310.wav
6311,幃,6311.wav
6312,圍,6312.wav
6313,違,6313.wav
6314,闈,6314.wav
6315,惟,6315.wav
6317,帷,6317.wav
6318,維,6318.wav
6319,嵬,6319.wav
6320,微,6320.wav
6321,薇,6321.wav
6322,巍,6322.wav
6323,尾,6323.wav
6324,娓,6324.wav
6325,艉,6325.wav
6326,委,6326.wav
6327,痿,6327.wav
6328,諉,6328.wav
6329,偉,6329.wav
6330,煒,6330.wav
6331,瑋,6331.wav
6332,葦,6332.wav
6333,緯,6333.wav
6334,韙,6334.wav
6335,猥,6335.wav
6336,鮪,6336.wav
6337,未,6337.wav
6338,味,6338.wav
6339,位,6339.wav
6340,為,6340.wav
6341,偽,6341.wav
6342,畏,6342.wav
6343,喂,6343.wav
6344,餵,6344.wav
6345,胃,6345.wav
6346,渭,6346.wav
6347,蝟,6347.wav
6348,謂,6348.wav
6349,尉,6349.wav
6350,蔚,6350.wav
6351,慰,6351.wav
6352,衛,6352.wav
6353,遺,6353.wav
6354,魏,6354.wav
6355,剜,6355.wav
6356,蜿,6356.wav
6357,豌,6357.wav
6358,彎,6358.wav
6359,灣,6359.wav
6360,丸,6360.wav
6361,紈,6361.wav
6362,完,6362.wav
6363,玩,6363.wav
6364,烷,6364.wav
6365,頑,6365.wav
6366,宛,6366.wav
6367,婉,6367.wav
6368,琬,6368.wav
6369,碗,6369.wav
6370,畹,6370.wav
6371,浣,6371.wav
6372,莞,6372.wav
6373,皖,6373.wav
6374,挽,6374.wav
6375,娩,6375.wav
6376,晚,6376.wav
6377,輓,6377.wav
6378,綰,6378.wav
6379,卍,6379.wav
6380,惋,6380.wav
6381,腕,6381.wav
6382,萬,6382.wav
6383,翫,6383.wav
6384,溫,6384.wav
6385,塭,6385.wav
6386,瘟,6386.wav
6387,文,6387.wav
6388,玟,6388.wav
6389,蚊,6389.wav
6390,紋,6390.wav
6391,雯,6391.wav
6392,聞,6392.wav
6393,刎,6393.wav
6394,吻,6394.wav
6395,穩,6395.wav
6396,文,6396.wav
6397,汶,6397.wav
6398,抆,6398.wav
6399,紊,6399.wav
6400,問,6400.wav
6401,絻,6401.wav
6402,汪,6402.wav
6403,尪,6403.wav
6404,亡,6404.wav
6405,王,6405.wav
6406,枉,6406.wav
6407,罔,6407.wav
6408,惘,6408.wav
6409,網,6409.wav
6410,輞,6410.wav
6411,魍,6411.wav
6412,往,6412.wav
6413,王,6413.wav
6414,旺,6414.wav
6415,妄,6415.wav
6416,忘,6416.wav
6417,望,6417.wav
6418,翁,6418.wav
6419,嗡,6419.wav
6420,蓊,6420.wav
6421,瓮,6421.wav
6422,甕,6422.wav
6423,迂,6423.wav
6424,紆,6424.wav
6425,淤,6425.wav
6426,瘀,6426.wav
6427,于,6427.wav
6428,圩,6428.wav
6429,盂,6429.wav
6430,竽,6430.wav
6431,予,6431.wav
6432,妤,6432.wav
6433,余,6433.wav
6434,狳,6434.wav
6435,畬,6435.wav
6436,餘,6436.wav
6438,臾,6438.wav
6439,萸,6439.wav
6440,腴,6440.wav
6441,與,6441.wav
6442,諛,6442.wav
6443,輿,6443.wav
6444,歟,6444.wav
6445,禺,6445.wav
6446,喁,6446.wav
6447,嵎,6447.wav
6448,隅,6448.wav
6449,愚,6449.wav
6450,俞,6450.wav
6451,渝,6451.wav
6452,愉,6452.wav
6453,揄,6453.wav
6454,瑜,6454.wav
6455,榆,6455.wav
6456,逾,6456.wav
6457,窬,6457.wav
6458,踰,6458.wav
6459,覦,6459.wav
6460,娛,6460.wav
6462,雩,6462.wav
6463,魚,6463.wav
6464,漁,6464.wav
6465,予,6465.wav
6466,宇,6466.wav
6467,羽,6467.wav
6468,雨,6468.wav
6469,禹,6469.wav
6470,圄,6470.wav
6471,語,6471.wav
6472,齬,6472.wav
6473,庾,6473.wav
6474,圉,6474.wav
6475,傴,6475.wav
6476,與,6476.wav
6477,嶼,6477.wav
6478,窳,6478.wav
6479,噢,6479.wav
6480,玉,6480.wav
6481,鈺,6481.wav
6482,聿,6482.wav
6483,育,6483.wav
6484,芋,6484.wav
6485,谷,6485.wav
6486,浴,6486.wav
6487,欲,6487.wav
6488,裕,6488.wav
6489,慾,6489.wav
6490,雨,6490.wav
6491,郁,6491.wav
6492,昱,6492.wav
6493,煜,6493.wav
6494,域,6494.wav
6495,御,6495.wav
6496,禦,6496.wav
6497,尉,6497.wav
6498,熨,6498.wav
6499,寓,6499.wav
6500,遇,6500.wav
6501,馭,6501.wav
6502,喻,6502.wav
6503,愈,6503.wav
6504,瘉,6504.wav
6505,諭,6505.wav
6506,癒,6506.wav
6507,飫,6507.wav
6508,粥,6508.wav
6509,鬻,6509.wav
6510,毓,6510.wav
6511,預,6511.wav
6512,豫,6512.wav
6513,語,6513.wav
6514,與,6514.wav
6515,譽,6515.wav
6516,獄,6516.wav
6517,嫗,6517.wav
6517A,燠,6517A.wav
6518,鷸,6518.wav
6519,鬱,6519.wav
6520,籲,6520.wav
6521,曰,6521.wav
6522,約,6522.wav
6523,月,6523.wav
6524,岳,6524.wav
6525,悅,6525.wav
6526,說,6526.wav
6527,閱,6527.wav
6528,越,6528.wav
6529,粵,6529.wav
6530,樂,6530.wav
6531,嶽,6531.wav
6532,龠,6532.wav
6533,籥,6533.wav
6534,躍,6534.wav
6535,宛,6535.wav
6536,鴛,6536.wav
6537,冤,6537.wav
6538,淵,6538.wav
6539,鳶,6539.wav
6540,元,6540.wav
6541,沅,6541.wav
6542,黿,6542.wav
6543,垣,6543.wav
6544,爰,6544.wav
6545,援,6545.wav
6546,媛,6546.wav
6547,袁,6547.wav
6548,園,6548.wav
6549,猿,6549.wav
6550,轅,6550.wav
6551,原,6551.wav
6552,源,6552.wav
6553,嫄,6553.wav
6554,螈,6554.wav
6556,圓,6556.wav
6557,緣,6557.wav
6558,櫞,6558.wav
6559,圜,6559.wav
6560,遠,6560.wav
6561,苑,6561.wav
6562,怨,6562.wav
6563,院,6563.wav
6564,瑗,6564.wav
6565,遠,6565.wav
6566,愿,6566.wav
6567,願,6567.wav
6568,暈,6568.wav
6569,氳,6569.wav
6570,云,6570.wav
6571,芸,6571.wav
6572,耘,6572.wav
6573,紜,6573.wav
6574,雲,6574.wav
6575,勻,6575.wav
6576,昀,6576.wav
6577,筠,6577.wav
6579,允,6579.wav
6580,狁,6580.wav
6581,隕,6581.wav
6582,殞,6582.wav
6583,孕,6583.wav
6584,惲,6584.wav
6585,暈,6585.wav
6586,運,6586.wav
6587,慍,6587.wav
6588,醞,6588.wav
6589,韞,6589.wav
6590,蘊,6590.wav
6591,熨,6591.wav
6592,韻,6592.wav
6593,邕,6593.wav
6594,雝,6594.wav
6595,癰,6595.wav
6596,庸,6596.wav
6597,傭,6597.wav
6598,鄘,6598.wav
6599,慵,6599.wav
6600,墉,6600.wav
6601,鏞,6601.wav
6602,雍,6602.wav
6603,壅,6603.wav
6605,臃,6605.wav
6605A,喁,6605A.wav
6606,永,6606.wav
6607,泳,6607.wav
6608,詠,6608.wav
6609,甬,6609.wav
6610,俑,6610.wav
6611,勇,6611.wav
6612,涌,6612.wav
6613,恿,6613.wav
6614,湧,6614.wav
6615,蛹,6615.wav
6616,踴,6616.wav
6616A,擁,6616A.wav
6617,用,6617.wav
